"","y","V1","V2","V3","V4","V5","V6","V7","V8","V9","V10","V11","V12","V13","V14","V15","V16","V17","V18","V19","V20","V21","V22","V23","V24","V25","V26","V27","V28","V29","V30"
"1",-110.3538,-0.4654,2.2342,0.985,1.9511,-0.1658,-0.8092,1.7976,0.0414,-0.5146,-0.1736,14.27,22.55,97.4639,655.7256,0.1038,0.1154,0.1463,0.0614,0.1926,0.0598,-0.4595,2.4092,0.556,0.1254,-0.162,-0.619,2.1953,0.0881,-0.9329,-0.1629
"2",-27.5923,-0.0919,0.7908,-1.0694,2.8166,-0.2146,-0.438,0.432,-2.0214,0.3094,-0.2231,14.64,15.24,85.0469,598.2026,0.1132,0.1339,0.0997,0.0706,0.2116,0.0635,0.1118,0.9681,-2.5703,2.1409,-0.3056,-0.0501,0.8011,-3.0428,1.0686,-0.3065
"3",-62.4796,1.7309,0.1126,1.4137,4.7982,0.2451,1.399,-0.2949,0.5099,2.5497,0.2423,12.96,18.29,82.5079,579.4802,0.0735,0.079,0.0406,0.0188,0.1874,0.059,2.8186,0.1481,1.5948,4.7171,0.5202,2.6686,-0.0413,1.15,3.7316,0.5199
"4",-28.9912,0.0404,-0.7302,1.0993,5.0327,0.7605,-0.3175,-1.1111,0.1256,2.3956,0.7551,15.12,16.68,103.5724,628.3163,0.0888,0.0959,0.0755,0.0408,0.1594,0.0599,-0.5274,-1.0156,1.3097,4.3397,1.529,-0.6936,-1.1933,0.8295,3.2264,1.5285
"5",-43.048,-0.5495,1.6712,1.0893,0.2626,-0.155,-0.8448,1.2862,0.2841,-1.5106,-0.1621,10.44,15.46,73.4141,248.8133,0.1053,0.0772,0.0066,0.0122,0.1788,0.0645,-0.5106,1.9536,0.8218,-1.0054,0.3357,-0.6396,1.7832,0.4258,-1.8217,0.3349
"6",2.7901,-0.9942,1.6568,1.5739,4.977,1.1914,-1.4528,1.297,0.2978,0.538,1.1822,25.73,17.46,173.6088,2031.1046,0.1149,0.2363,0.3368,0.1913,0.1956,0.0612,-1.639,2.1336,1.1715,2.5323,2.4888,-1.8692,1.9554,0.5508,0.9,2.4878
"7",-100.458,1.1217,-0.5221,0.8441,2.9699,-0.6678,0.789,-0.9465,-0.1085,0.473,-0.6731,14.25,22.15,100.5106,629.7424,0.1049,0.2008,0.2135,0.0865,0.1949,0.0729,2.1013,-0.393,0.7293,2.0859,-0.713,1.9436,-0.6033,0.2555,1.0173,-0.7136
"8",-42.2465,-1.5065,0.47,0.7106,4.0609,-1.2441,-1.9845,0.0559,-0.5956,-0.6401,-1.2531,27.22,21.87,181.5175,2337.5251,0.1094,0.1914,0.2871,0.1878,0.18,0.0577,-2.5632,0.7178,-0.0235,0.8152,-1.1167,-2.8023,0.5106,-0.6566,-0.8847,-1.1177
"9",-84.6157,-0.6817,-1.3864,-0.3209,2.4818,-0.1126,-1.0543,-1.8143,-1.3457,-0.4234,-0.1198,16.74,21.59,105.1967,1016.0105,0.0961,0.1336,0.1348,0.0602,0.1896,0.0566,-1.2029,-2.067,-1.0635,1.0973,-0.2198,-1.38,-2.2754,-1.5687,-0.1009,-0.2206
"10",-85.6135,-0.0293,-0.0603,-1.6859,3.3732,1.5978,-0.3382,-0.4989,-2.5254,1.4492,1.5899,11.22,19.86,58.9815,654.0887,0.1054,0.0678,0.005,0.0076,0.194,0.0603,0.1095,0.0215,-2.8929,2.8291,2.8175,-0.0265,-0.1787,-3.3046,1.9572,2.8166
"11",-72.8583,0.9386,-0.4623,1.6744,3.7561,-0.9319,0.5716,-0.8789,0.6696,0.9477,-0.941,16.27,20.71,108.4246,858.2415,0.1169,0.1319,0.1478,0.0849,0.1948,0.0628,0.4788,-1.1214,1.8991,2.5504,-0.898,0.305,-1.3241,1.4013,1.3822,-0.8991
"12",-119.3676,0.5404,1.5043,1.1489,2.1189,-1.2376,0.1841,1.0507,0.2024,-0.4189,-1.2438,14.6,23.29,101.2565,833.6243,0.0868,0.0664,0.0839,0.0527,0.1627,0.0542,0.4116,1.8765,0.516,0.8979,-1.2106,0.2487,1.6571,0.0474,-0.1835,-1.2112
"13",-60.4803,0.4454,1.3069,1.3109,1.854,1.9441,0.1113,0.8823,0.4229,-0.3161,1.9393,12.58,18.4,85.4874,350.8961,0.0839,0.0422,0.0019,0.0029,0.1697,0.0586,0.5512,2.2082,1.3783,0.9802,2.9418,0.4035,2.0174,0.9447,0.0219,2.9413
"14",-70.1469,-0.57,-2.2583,1.2454,1.8113,1.1906,-0.8382,-2.6686,0.502,0.3252,1.185,8.734,16.84,46.0211,11.5467,0.1039,0.0743,0,0,0.1985,0.071,-0.6741,-3.1921,1.6407,1.2927,2.4031,-0.7875,-3.3725,1.2809,0.5862,2.4025
"15",-47.9219,-0.411,0.4849,0.9979,2.3043,0.8137,-0.7226,0.1284,0.1177,0.1657,0.8055,12.45,15.7,53.2611,497.5967,0.1278,0.17,0.1578,0.0809,0.2087,0.0761,-0.4666,0.6106,0.7552,1.4035,1.3659,-0.6108,0.4414,0.3158,0.4552,1.3649
"16",-22.0262,0.3736,1.7061,2.0765,4.2445,0.7487,-0.0653,1.322,0.8322,0.0996,0.7369,24.25,20.2,186.5049,1611.2598,0.1447,0.2867,0.4268,0.2012,0.2655,0.0688,-0.0195,2.3858,2.1411,2.3606,1.2324,-0.2406,2.1914,1.5335,0.8056,1.231
"17",-10.9222,0.2752,0.7033,0.7485,1.8783,-1.9231,-0.0585,0.3585,-0.1716,-0.4466,-1.9305,13.56,13.9,89.1778,498.5439,0.1051,0.1192,0.0786,0.0445,0.1962,0.063,-0.2062,1.4668,1.0307,0.7218,-2.5848,-0.3602,1.3095,0.5752,-0.2899,-2.5856
"18",-36.5462,1.0273,0.0977,1.6617,0.7949,-1.5443,0.7155,-0.2759,0.8239,-1.1629,-1.5511,11.43,15.39,74.1611,380.1373,0.0964,0.0689,0.035,0.0288,0.1734,0.0586,1.4287,-0.0942,1.549,-0.8484,-2.1803,1.291,-0.2635,1.1344,-1.7321,-2.181
"19",-52.6451,1.3667,1.3768,0.8522,2.5579,0.6174,1.039,0.9723,-0.0447,0.3493,0.6104,12.86,18,97.0977,522.4691,0.0993,0.0955,0.0389,0.0232,0.1718,0.06,2.0179,2.111,0.7875,1.725,1.2448,1.8689,1.9236,0.3453,0.7534,1.2441
"20",-59.887,-1.1078,0.7384,1.6493,1.7745,-1.0626,-1.4283,0.3369,0.7953,-0.2624,-1.0676,11.85,17.46,67.3329,469.9742,0.0837,0.0564,0.0269,0.0228,0.1875,0.0572,-2.0005,1.0633,1.7093,1.276,-0.9491,-2.142,0.8793,1.2877,0.3638,-0.9496
"21",-71.8395,-0.3048,0.4286,0.5168,1.1338,0.9386,-0.7351,0.0048,-0.6376,-2.6704,0.929,21.56,22.39,148.367,1397.4485,0.111,0.1159,0.2439,0.1389,0.1726,0.0562,-0.4863,0.2641,-0.5264,-2.0003,1.4066,-0.6948,0.053,-1.0934,-3.4612,1.4056
"22",-94.5291,1.6446,0.2133,0.2024,3.6491,-2.0169,1.2436,-0.2262,-0.904,0.295,-2.0245,19.4,23.5,128.2673,1264.3217,0.1027,0.1558,0.2049,0.0889,0.1978,0.06,2.2465,-0.1558,-0.5501,2.0985,-2.6834,2.0521,-0.3741,-1.0937,0.7654,-2.6842
"23",-41.4565,-0.3906,2.0021,1.0745,0.5325,-1.2469,-0.708,1.607,0.2283,-1.4787,-1.2535,11.71,17.19,77.1358,487.4445,0.0977,0.0614,0.0381,0.0324,0.1516,0.061,-0.5464,2.6353,1.1791,-1.2062,-1.5608,-0.6866,2.4533,0.7601,-2.1084,-1.5616
"24",-160.9968,0.8406,0.4177,1.2244,3.6839,0.5325,0.4906,-0.0439,0.2421,1.0215,0.5252,15.3,25.27,86.5026,679.0091,0.1082,0.1697,0.1683,0.0875,0.1926,0.0654,0.9858,0.4133,0.9168,3.3097,1.1255,0.8197,0.1843,0.4292,2.1877,1.1247
"25",-32.1868,0.019,0.5138,0.5939,2.5243,0.2046,-0.3314,0.1329,-0.3365,0.0934,0.1998,14.04,15.98,85.329,890.4353,0.0846,0.059,0.0353,0.0294,0.1714,0.059,0.5366,0.8335,0.2435,1.0475,0.5823,0.3778,0.6599,-0.2153,0.0011,0.5818
"26",-131.1002,0.7975,0.7794,1.2914,3.3939,1.2001,0.4879,0.3261,0.4594,1.484,1.193,11.16,21.41,41.4391,445.3192,0.1018,0.0598,0.009,0.0108,0.1615,0.0614,1.2639,1.1496,1.2429,3.4873,1.5341,1.1283,0.9399,0.8341,2.6211,1.5333
"27",-4.0931,1.207,0.8787,1.156,1.7094,-0.5776,0.878,0.5332,0.2648,-0.4958,-0.5825,12.76,13.37,90.5976,539.9087,0.0879,0.0795,0.0405,0.0255,0.1601,0.0614,1.8089,1.3836,1.088,0.7439,-0.4767,1.6605,1.2296,0.6482,-0.2263,-0.4772
"29",-36.434,0.3378,-0.0529,0.6104,2.4038,-0.0701,0.0062,-0.4283,-0.283,0.1789,-0.0764,12.95,16.02,81.2652,430.8255,0.1005,0.0794,0.0616,0.0337,0.173,0.0647,0.4383,0.1706,0.1193,1.7873,0.1061,0.2884,-0.0028,-0.3225,0.8101,0.1055
"30",-79.1841,-1.1288,1.2919,0.8325,1.5305,0.1576,-1.45,0.8701,-0.0335,-0.5722,0.1512,12.23,19.56,85.4954,585.7073,0.0959,0.0809,0.0419,0.0411,0.1979,0.0601,-1.4572,1.574,0.3916,0.4236,0.4479,-1.6013,1.3765,-0.0378,-0.5119,0.4472
"31",-165.1462,0.6984,-0.839,-2.0518,2.2798,1.4993,0.4408,-1.3344,-2.744,0.9743,1.5006,7.76,24.54,45.3914,270.6917,0.0526,0.0436,0,0,0.1587,0.0588,1.5499,-1.6081,-3.1688,2.2406,2.7266,1.4456,-1.8362,-3.5025,1.6086,2.7267
"32",-55.7729,0.0705,1.4978,2.4963,4.9238,-1.6413,-0.3457,1.0821,1.3676,1.3661,-1.6483,20.47,20.67,137.9035,1329.7651,0.0916,0.1313,0.1523,0.1015,0.2166,0.0542,-0.3339,2.3046,2.1955,3.6915,-1.6521,-0.5355,2.1021,1.6414,2.2994,-1.6528
"33",-94.9295,0.7033,1.7883,1.0575,3.9555,-0.4366,0.2858,1.355,-0.0849,0.3093,-0.4441,20.94,23.56,139.3214,1279.2004,0.1007,0.1606,0.2712,0.131,0.2205,0.059,0.8173,2.2363,0.7341,1.8673,-0.3022,0.6134,2.0189,0.1726,0.45,-0.303
"34",-34.3418,0.0522,0.7525,2.965,2.9664,-0.5165,-0.302,0.3842,1.9973,0.3935,-0.5211,15,15.51,96.8291,756.2284,0.0837,0.1096,0.065,0.0378,0.1881,0.0591,0.0969,1.3239,3.6879,2.0737,-0.3479,-0.0682,1.1543,3.2107,0.9805,-0.3484
"35",-163.1272,-0.1567,-0.4921,1.3458,3.4169,0.0338,-0.4974,-0.978,0.4432,1.1379,0.0278,13.21,25.25,74.2642,416.9012,0.0879,0.052,0.0277,0.0207,0.1619,0.0558,0.0287,-0.3898,1.304,2.9503,0.1893,-0.1238,-0.6213,0.8594,1.9549,0.1887
"36",-81.4181,0.7685,0.5162,1.8438,5.4621,-1.1686,0.3683,0.0754,0.7406,2.116,-1.1743,19.18,22.49,132.8124,1359.3896,0.0852,0.1428,0.1114,0.0677,0.1767,0.0553,0.7515,0.7354,2.422,5.0561,-1.3552,0.5583,0.5212,1.8811,3.7257,-1.3558
"37",-10.6916,-0.2788,-0.3131,2.7587,2.1869,1.5278,-0.5897,-0.6676,1.938,0.3096,1.5244,10.9,12.96,91.4747,507.1045,0.0752,0.0372,0.0031,0.0066,0.1442,0.0574,-0.2268,-0.6,3.8185,1.4225,2.6832,-0.3605,-0.7515,3.4162,0.5687,2.6829
"38",-52.8454,0.6489,0.5288,2.3059,2.7375,0.3594,0.2555,0.128,1.2446,-0.4246,0.352,18.22,18.87,112.1076,846.9629,0.0975,0.1117,0.113,0.0795,0.1807,0.0566,1.0592,0.5896,2.6516,0.6125,1.1916,0.8717,0.3979,2.1286,-0.6637,1.1908
"39",-33.1388,-0.1814,0.1435,1.7293,2.2082,-1.1502,-0.5258,-0.225,0.8052,-0.1695,-1.1568,13.85,15.18,73.4091,555.0193,0.0952,0.0769,0.0448,0.0371,0.211,0.0585,-0.7304,0.374,2.2568,0.6563,-1.4755,-0.8874,0.2064,1.8001,-0.3732,-1.4762
"40",-74.8826,0.5305,-0.0711,0.0991,4.4808,2.1605,0.1846,-0.4851,-0.8487,1.9894,2.1546,14.42,19.77,93.939,630.4435,0.0975,0.1141,0.0939,0.0584,0.1879,0.0639,0.6916,-0.0526,-0.5087,4.2085,3.0777,0.5309,-0.2505,-0.9784,3.1417,3.0771
"41",-63.4842,0.8281,-0.3699,1.1158,3.7804,0.0897,0.4991,-0.7876,0.2243,1.5939,0.0835,12.76,18.84,92.4292,418.7367,0.0968,0.0795,0.0269,0.0178,0.1759,0.0618,0.9434,-0.8152,1.1179,4.0806,0.0383,0.795,-1.0084,0.6791,3.1165,0.0376
"42",-30.9906,1.2565,0.4424,1.1718,2.1801,-0.9844,0.9112,0.0553,0.2417,-0.203,-0.9899,13.78,15.79,83.9677,617.4695,0.0882,0.0672,0.0106,0.0099,0.1405,0.0585,2.0316,0.392,0.7093,1.2573,-0.9443,1.875,0.2193,0.2536,0.2275,-0.9448
"43",-141.1465,0.1626,1.468,0.0393,4.0084,-0.5208,-0.2424,1.0172,-1.0687,0.6028,-0.5279,19.79,25.12,131.6258,1407.4063,0.1015,0.1589,0.2545,0.1149,0.2202,0.0611,-6e-04,1.6929,-0.595,2.4388,-0.2386,-0.1974,1.4664,-1.1406,1.0905,-0.2394
"44",-32.113,0.9011,-0.3353,1.5646,1.1602,-0.6834,0.5904,-0.7039,0.7346,-0.7454,-0.6863,11.06,14.83,59.6385,271.772,0.0774,0.0477,0.0271,0.0072,0.1535,0.0621,0.9646,-0.2307,1.7998,0.1481,-1.0292,0.8297,-0.3961,1.3928,-0.7162,-1.0295
"45",-65.3767,-0.3956,0.4249,-0.3891,1.8117,-0.7452,-0.7837,0.005,-1.4447,-1.2928,-0.7528,17.99,20.66,129.5764,1031.645,0.1036,0.1304,0.1201,0.0882,0.1992,0.0607,-0.892,0.4929,-1.4217,-0.314,-0.7392,-1.0777,0.2899,-1.9427,-1.5731,-0.74
"46",-58.4466,1.3254,0.8242,1.0302,2.3899,-0.0761,1.0202,0.4267,0.1702,0.3388,-0.0815,11.84,18.7,91.8861,325.0544,0.1109,0.1516,0.1218,0.0518,0.2301,0.078,2.5515,1.1213,1.5176,1.8487,0.3917,2.4119,0.9308,1.09,0.9307,0.3911
"47",-40.9226,-0.9001,-0.3858,1.1159,2.0063,1.051,-1.2405,-0.7797,0.2047,-0.2713,1.0461,13.2,15.82,72.9978,533.6268,0.0851,0.0525,0.0015,0.0033,0.1632,0.0589,-1.3752,-0.1143,0.7998,0.7122,1.8957,-1.5276,-0.2874,0.355,-0.2827,1.8952
"48",-48.7227,0.2204,0.1829,1.5617,3.9883,0.567,-0.1413,-0.2187,0.6193,1.512,0.5649,14.29,16.82,77.0908,643.1314,0.0643,0.0268,0.0072,0.0062,0.1508,0.0538,0.243,0.0055,1.5357,3.5815,0.979,0.0817,-0.1745,1.0752,2.5206,0.9788
"49",10.5218,-0.7363,0.5407,1.4187,4.8708,-0.6627,-1.1597,0.1961,0.2654,1.1923,-0.6695,21.37,15.1,139.1908,1437.4585,0.1001,0.1515,0.1932,0.1255,0.1973,0.0618,-2.0647,0.0873,0.9952,3.1249,-0.1997,-2.2714,-0.0769,0.4292,1.6988,-0.2005
"50",-73.2763,0.5448,1.1695,0.6515,2.7765,-0.004,0.1786,0.7634,-0.3642,-0.0671,-0.0102,16.46,20.11,99.0043,889.3083,0.0983,0.1556,0.1793,0.0887,0.1794,0.0632,0.8851,1.6228,-0.1546,1.3852,0.0305,0.7104,1.4243,-0.6575,0.2062,0.0298
"51",-14.6136,0.2913,0.9916,0.0072,4.7971,0.9832,-0.1453,0.6104,-1.1507,0.9066,0.975,21.71,17.25,143.9079,1552.514,0.0938,0.0856,0.1168,0.0846,0.1717,0.0505,0.111,1.3246,-0.351,3.0657,1.3298,-0.099,1.1437,-0.917,1.5809,1.329
"52",-7.4663,0.576,2.1837,-0.8287,2.0268,0.2684,0.1908,1.8272,-1.8729,-1.0219,0.2618,17.57,15.05,128.5808,1160.5967,0.0985,0.1157,0.0988,0.0795,0.1739,0.0615,0.6062,3.4025,-1.7534,-0.2777,0.5086,0.4231,3.2368,-2.2687,-1.5196,0.5078
"53",-34.0611,-2.083,-1.6652,1.6849,1.5856,-0.5999,-2.4091,-2.0292,0.7813,-0.6507,-0.6065,13.34,15.86,95.591,609.8157,0.1078,0.1535,0.1169,0.0699,0.1942,0.069,-3.5055,-2.2634,2.2965,-0.1159,0.0013,-3.6571,-2.4345,1.8467,-1.0974,5e-04
"54",-119.5767,0.5343,2.2038,0.1468,3.9579,-0.6828,0.0552,1.7516,-1.1792,-0.9977,-0.692,27.42,26.27,186.6473,2566.1076,0.1084,0.1988,0.3635,0.1689,0.2061,0.0562,-0.0999,2.888,-0.9482,0.5616,-0.6319,-0.3399,2.6573,-1.589,-1.2031,-0.6329
"55",-76.5278,-0.5533,-1.1608,0.0498,0.3882,-0.4004,-0.8935,-1.5701,-0.8794,-2.0194,-0.4073,13.98,19.62,101.2649,780.8765,0.106,0.1133,0.1126,0.0646,0.1669,0.0654,-1.5265,-2.3068,-0.4629,-1.7367,0.2719,-1.6838,-2.5034,-0.9243,-2.7754,0.2711
"56",-110.094,0.712,-1.1228,0.3994,0.3394,2.0138,0.4322,-1.5664,-0.3637,-1.2605,2.0078,9.465,21.01,44.79,325.7159,0.1044,0.0777,0.0217,0.015,0.1717,0.069,0.9216,-1.7318,-0.1706,-0.323,3.2335,0.8014,-1.9388,-0.5462,-1.0734,3.2329
"57",-39.7503,-1.6606,0.9263,0.9368,2.5192,-1.0648,-1.9671,0.5527,0.0893,0.5423,-1.0726,11.61,16.02,84.9611,347.6287,0.1088,0.1168,0.071,0.045,0.1886,0.0632,-2.486,0.9725,1.032,1.7094,-1.561,-2.6243,0.7993,0.6111,0.8185,-1.5619
"58",-14.2399,-2.0525,0.34,0.4291,0.2932,0.2075,-2.3813,-0.0179,-0.4734,-1.9339,0.2036,12.99,14.23,78.6665,672.9223,0.0946,0.0996,0.0374,0.021,0.1652,0.0724,-3.0067,0.0436,-0.1357,-1.4015,0.034,-3.1565,-0.1171,-0.5802,-2.3793,0.0336
"59",-59.0003,-0.0239,-0.9614,1.7674,3.7205,0.841,-0.4081,-1.3687,0.7219,0.6745,0.8345,17.54,19.32,123.2175,882.0923,0.0897,0.1198,0.1036,0.0749,0.1506,0.0549,-0.3417,-1.1465,2.118,2.5408,1.7373,-0.5245,-1.3414,1.6024,1.3002,1.7366
"60",-65.7113,0.3406,2.3732,2.3993,4.1672,-0.3824,-0.0177,1.9701,1.4193,1.4746,-0.3914,15.46,19.48,96.9726,834.3741,0.1092,0.1223,0.1466,0.0809,0.1931,0.058,0.3166,3.4543,2.8252,3.3425,0.0491,0.1485,3.2593,2.339,2.2107,0.0481
"61",-36.3063,1.475,-0.0417,-0.6033,3.155,1.7393,1.1467,-0.4186,-1.5008,0.9339,1.7348,12.9,15.92,81.1859,453.2971,0.0868,0.0951,0.0489,0.0309,0.1778,0.0624,1.8534,-0.3071,-1.6739,3.0278,2.2626,1.7042,-0.48,-2.1174,2.0518,2.2621
"62",-26.4955,0.512,-0.1462,-1.1766,0.7052,0.7964,0.203,-0.5097,-2.0431,-1.3305,0.7905,11.9,14.65,69.9728,335.7353,0.1152,0.1296,0.0371,0.03,0.1995,0.0784,0.2814,-0.2502,-2.3501,-0.9869,1.4286,0.141,-0.414,-2.7786,-1.8989,1.4279
"63",-109.7912,1.1696,-0.396,1.3789,1.6952,2.1521,0.8727,-0.8524,0.5912,-0.0174,2.149,10.03,21.28,64.0244,368.9361,0.0812,0.0391,0.0025,0.0052,0.163,0.0644,1.8007,-0.9857,1.4382,0.3194,3.7393,1.6746,-1.1948,1.0526,-0.4738,3.739
"64",-73.1075,0.4455,1.139,-0.0923,3.811,-0.8064,0.1039,0.7258,-0.9841,1.5606,-0.8122,13.03,18.42,68.8236,555.461,0.0898,0.0377,0.0256,0.0292,0.1467,0.0586,0.3582,1.6074,-0.3793,3.6882,-0.9601,0.2069,1.4169,-0.8199,2.7029,-0.9607
"65",-61.3725,0.9602,0.1945,0.9888,1.6335,0.2273,0.6438,-0.2157,0.1426,-0.3591,0.2223,11.6,18.36,80.2518,431.6364,0.0851,0.0586,0.0337,0.0178,0.1516,0.0586,1.1705,-0.1775,0.8247,0.4317,0.7757,1.0311,-0.3674,0.4077,-0.4638,0.7752
"66",-47.6326,1.3223,1.8225,2.5544,1.7479,-0.5542,1.02,1.4561,1.6929,-0.2789,-0.56,11.8,16.58,91.6593,568.7327,0.1091,0.17,0.1659,0.0741,0.2678,0.0737,2.2342,1.9056,3.1458,0.3944,-0.088,2.0953,1.7302,2.7158,-0.5157,-0.0887
"67",-104.2046,0.7008,0.1226,1.398,3.4147,-0.2946,0.3613,-0.3235,0.4903,1.1204,-0.3,13.3,21.57,77.2958,435.822,0.0858,0.0637,0.0334,0.0242,0.1815,0.057,1.1662,-0.3917,0.9649,3.1173,-0.287,1.0132,-0.602,0.5175,2.1163,-0.2876
"68",-11.3459,-0.0277,1.4987,1.0343,3.6544,-1.8881,-0.3105,1.1631,0.2719,2.042,-1.8938,9.504,12.44,65.4684,286.376,0.1024,0.0649,0.0296,0.0208,0.1815,0.069,0.5022,2.129,0.4657,4.0124,-2.3785,0.3814,1.9822,0.0894,3.257,-2.3791
"69",-101.258,0.8935,1.8578,0.453,2.656,-1.0331,0.5638,1.432,-0.4723,0.2989,-1.0403,13.71,20.83,81.3869,735.6908,0.1189,0.1645,0.0937,0.0598,0.2196,0.0745,0.8361,2.2503,-0.1102,1.6394,-1.0613,0.6818,2.0458,-0.5695,0.6166,-1.0621
"70",-57.5525,0.2228,0.429,0.185,5.0717,2.0643,-0.187,0.0165,-0.9267,1.6299,2.057,19.89,20.26,130.9303,1122.9672,0.1037,0.131,0.1411,0.0943,0.1802,0.0619,0.3722,0.4528,-0.1198,4.0137,3.7329,0.1743,0.2527,-0.6661,2.6554,3.7321
"71",-44.6307,1.1956,0.5681,0.9513,2.1219,2.7472,0.8367,0.1748,-0.0059,-0.434,2.7412,14.86,16.94,75.7878,732.5421,0.0892,0.0707,0.0335,0.0288,0.1573,0.057,1.6025,0.5348,0.4508,0.9711,4.2601,1.4378,0.3544,-0.0205,-0.116,4.2595
"72",-30.016,-0.0326,2.0961,-0.2252,2.8497,0.6423,-0.3914,1.7006,-1.1867,0.273,0.6346,14.97,16.95,111.5598,630.5019,0.0986,0.0788,0.026,0.0378,0.178,0.0565,0.0188,3.3973,-0.6975,1.7482,0.964,-0.1466,3.2168,-1.1717,0.6539,0.9632
"73",-68.1415,1.6872,-1.191,1.085,2.0844,1.0617,1.339,-1.5755,0.0854,-0.6211,1.054,15.75,19.22,104.7375,679.3213,0.1243,0.2364,0.2914,0.1242,0.2375,0.076,2.4257,-1.6564,0.8067,0.5365,1.373,2.2576,-1.847,0.3093,-0.6,1.3721
"74",-72.1788,1.6948,0.1432,2.0364,2.8091,-1.0227,1.3611,-0.2621,1.1209,0.4892,-1.0306,13.51,18.89,73.9976,556.4344,0.1059,0.1147,0.0858,0.0538,0.1806,0.0608,1.8853,-0.3985,2.314,1.7752,-1.0891,1.7316,-0.5909,1.8598,0.7656,-1.09
"75",-5.5916,-0.5321,0.2027,0.3129,3.9277,0.9108,-0.8847,-0.1429,-0.6194,1.4818,0.9042,14.11,12.88,78.5688,666.4648,0.0931,0.0531,0.0176,0.0273,0.1373,0.057,-0.6548,0.1611,-0.4332,3.2288,1.9551,-0.8142,0.0105,-0.8927,2.1782,1.9544
"76",-109.3667,1.1158,1.0594,0.8554,2.9538,0.4409,0.7414,0.5955,-0.1398,0.1683,0.4361,16.02,23.24,114.1148,576.1124,0.0821,0.0667,0.033,0.0332,0.1528,0.057,1.6712,1.6954,0.7614,2.0151,1.2135,1.4979,1.4753,0.2721,0.8549,1.2131
"77",-95.5547,0.6623,0.67,1.3348,3.6494,0.3068,0.371,0.2475,0.5181,1.8331,0.3001,10.71,20.39,73.4001,296.194,0.1082,0.1289,0.0845,0.0287,0.1668,0.0686,1.0861,0.9802,1.4965,3.5146,0.5082,0.9558,0.7782,1.0923,2.6826,0.5074
"78",-205.5334,0.8212,-0.547,0.1613,3.3003,-0.3296,0.4987,-1.062,-0.6999,1.2222,-0.3353,12.04,28.14,82.8305,288.5711,0.0875,0.06,0.0237,0.0238,0.1854,0.057,1.0464,-1.0829,-0.0153,2.7912,-0.2963,0.9035,-1.3299,-0.4404,1.8645,-0.2969
"79",-23.7705,-0.2026,0.3426,2.3027,2.2867,-2.0103,-0.4732,0.0135,1.5744,0.8294,-2.0147,8.618,11.79,61.7725,227.7631,0.0975,0.0527,0.0206,0.0078,0.1683,0.0719,-0.4418,0.4778,2.7447,1.9968,-2.3959,-0.5544,0.3361,2.3882,1.3027,-2.3964
"80",-30.9108,1.9605,-0.3231,0.3488,1.1736,-1.0221,1.6144,-0.6942,-0.6199,-1.3788,-1.0306,15.1,16.39,97.6496,611.2653,0.115,0.1807,0.1138,0.0853,0.2001,0.0647,2.7321,-0.778,0.0123,-0.8125,-0.5876,2.5677,-0.953,-0.4689,-1.8994,-0.5886
"81",-84.1751,-0.2017,0.7497,1.3962,2.5055,-0.927,-0.5208,0.3251,0.5448,0.5033,-0.9319,11.7,19.11,77.0804,402.8358,0.0881,0.0525,0.0158,0.0115,0.1936,0.0613,-0.7266,0.7801,2.03,1.7454,-1.0482,-0.8668,0.5849,1.6115,0.8454,-1.0487
"82",-58.662,1.468,0.8842,0.0956,0.6572,-2.5289,1.2012,0.5067,-0.6378,-0.8218,-2.5352,8.726,15.83,48.5896,288.0351,0.115,0.082,0.0413,0.0192,0.1649,0.0763,2.0831,1.4554,-0.6536,-0.1574,-3.1803,1.97,1.283,-1.0151,-0.8601,-3.181
"83",-112.4573,-0.2909,0.7485,1.3287,2.5085,-1.2429,-0.6181,0.2879,0.4557,0.388,-1.247,12.25,22.44,85.6305,274.8781,0.0819,0.052,0.0171,0.0126,0.1544,0.0598,-0.8861,1.4736,1.5174,2.0704,-1.6536,-1.031,1.2579,1.0883,1.1296,-1.654
"84",-91.7651,2.3578,-0.6799,1.6657,2.6197,-0.048,1.9777,-1.1192,0.6235,-0.413,-0.0546,17.29,22.13,119.3771,1001.41,0.09,0.1273,0.097,0.0751,0.2108,0.0546,3.6411,-1.32,2.0723,0.8693,0.3349,3.4602,-1.5323,1.5582,-0.3684,0.3343
"85",-39.6536,0.0259,0.5204,0.6449,2.3639,0.6346,-0.2642,0.1558,-0.1545,0.611,0.6296,10.26,14.71,73.0965,368.7052,0.0988,0.0916,0.0358,0.0204,0.1633,0.07,-0.023,0.7999,0.2167,1.9368,0.8686,-0.1501,0.6356,-0.1778,1.1285,0.8681
"86",-77.4783,1.0024,0.4273,1.3172,2.3819,-0.5623,0.6792,0.0012,0.4509,0.3111,-0.5667,12.06,18.9,73.016,496.9369,0.0839,0.0579,0.0075,0.0085,0.1555,0.0605,1.7737,0.5581,1.1187,1.9484,0.1378,1.6305,0.3641,0.6938,1.025,0.1373
"87",-48.6618,0.3929,-0.2706,0.7045,1.9183,0.162,0.0474,-0.6769,-0.2227,-0.462,0.1574,13.74,17.91,89.0072,620.2947,0.0794,0.0638,0.0288,0.0133,0.1473,0.0558,0.8213,-0.2289,1.1652,0.4749,0.7681,0.6649,-0.4159,0.7103,-0.5542,0.7676
"88",-3.6902,2.3386,-0.276,0.2881,3.0691,-0.6568,2.0457,-0.6117,-0.5087,1.3182,-0.6628,10.26,12.22,71.1911,407.4078,0.1,0.0754,0.0192,0.0197,0.18,0.0657,4.2154,-0.3086,0.0245,2.7034,-0.5789,4.088,-0.4538,-0.3687,1.8953,-0.5796
"89",-82.0902,0.2238,0.5743,-1.0339,2.6141,0.5267,-0.1197,0.1437,-1.9777,0.1662,0.5213,14.2,20.53,89.8619,544.5407,0.0893,0.1108,0.0506,0.0306,0.1506,0.0601,0.5556,0.7133,-2.4261,1.4529,0.8034,0.3966,0.5098,-2.8913,0.4013,0.8028
"90",-121.1856,-0.8597,-1.2466,2.2551,1.7649,1.8899,-1.1755,-1.678,1.3579,-0.4322,1.8839,12.83,22.33,73.8086,556.8444,0.1088,0.1799,0.1695,0.0686,0.2123,0.0725,-1.5397,-2.4847,2.8508,1.2108,2.7979,-1.6868,-2.6969,2.4041,0.2423,2.7972
"91",-1.3076,-0.3819,1.9181,-0.6572,4.7433,-0.7765,-0.7855,1.5534,-1.75,1.3835,-0.7833,19.19,15.94,137.4885,1234.2881,0.0869,0.1185,0.1193,0.0967,0.1741,0.0518,-0.5126,2.7667,-2.0312,3.9762,-0.9262,-0.7063,2.595,-2.5692,2.6418,-0.9269
"92",-42.9934,0.1789,0.081,0.5483,1.6084,0.1067,-0.1183,-0.2916,-0.2783,-0.2429,0.1011,10.88,15.62,69.9772,436.4158,0.1007,0.1069,0.0512,0.0157,0.1861,0.0684,0.3322,-0.337,0.3232,0.8824,0.787,0.1999,-0.5077,-0.0839,0.0371,0.7864
"93",-53.6417,-1.588,1.1265,1.106,1.3301,0.8009,-1.9135,0.7295,0.2245,-0.822,0.7956,12.47,17.31,87.6486,463.6673,0.0893,0.0763,0.0361,0.0237,0.1526,0.0605,-2.1456,1.4342,0.9846,-0.0772,1.1505,-2.2917,1.2514,0.5497,-1.0289,1.15
"94",-13.6352,0.6389,0.752,-0.8666,3.1763,0.5096,0.2611,0.3793,-1.8685,0.3545,0.5027,16.3,15.7,104.9433,826.1531,0.0943,0.0671,0.0553,0.0456,0.1711,0.0566,1.0012,0.6774,-1.6959,2.1839,1.2564,0.8259,0.5062,-2.1895,1.0119,1.2557
"95",-9.4319,-0.2562,1.0267,1.0059,2.4181,-0.3743,-0.5736,0.6795,0.1404,0.3488,-0.3818,12.07,13.44,78.3502,283.1373,0.11,0.0901,0.0378,0.028,0.1657,0.0661,-0.7832,1.4741,0.9734,1.8501,-0.3864,-0.9259,1.3195,0.5456,0.9271,-0.3873
"96",-184.755,-0.8437,-0.1465,0.9902,4.3025,0.5237,-1.2602,-0.6401,-0.1239,0.7933,0.5159,20.13,28.25,126.9787,1263.7701,0.0978,0.1034,0.144,0.0979,0.1752,0.0553,-1.5223,-0.2273,0.5005,2.6543,1.5518,-1.7223,-0.4726,-0.047,1.2767,1.551
"97",-35.7655,1.4881,-0.7782,0.6338,3.1156,0.6072,1.1268,-1.1696,-0.3583,0.3639,0.6007,15.78,17.89,116.6967,779.2596,0.0971,0.1292,0.0995,0.0661,0.1842,0.0608,2.2349,-1.3073,0.8046,2.447,1.2208,2.0645,-1.4928,0.3138,1.2968,1.2201
"98",-54.2736,1.0665,2.032,1.6555,2.7266,0.0138,0.7774,1.646,0.8925,1.0939,0.0101,9.567,15.91,49.3216,205.7948,0.0846,0.0409,0.0165,0.0167,0.1551,0.064,1.5679,2.8357,1.6999,2.1344,0.2925,1.4461,2.6623,1.324,1.3718,0.2921
"99",-65.6724,1.5082,0.2783,-0.1644,3.4233,0.1236,1.1197,-0.141,-1.2247,0.296,0.1166,18.01,20.56,116.169,1012.0402,0.1001,0.1289,0.117,0.0776,0.2116,0.0608,1.6272,0.027,-1.0757,1.7016,0.4431,1.4414,-0.1755,-1.5981,0.4355,0.4424
"100",-61.77,1.4221,0.3175,-1.1181,2.155,-0.2333,1.1014,-0.09,-1.9905,0.0595,-0.2384,12.16,18.03,80.9572,377.8187,0.0909,0.0784,0.0292,0.0153,0.1464,0.0628,1.1801,0.3288,-1.8597,1.269,0.0278,1.0365,0.1409,-2.289,0.3372,0.0273
"101",-29.3324,-0.6516,0.1857,1.2435,0.4746,0.6661,-0.9215,-0.1689,0.4847,-1.0841,0.6568,9.295,13.9,56.6067,119.7797,0.1371,0.1225,0.0333,0.0242,0.2197,0.077,-0.8666,0.2175,1.6428,-0.8815,0.6689,-0.9843,0.0592,1.2678,-1.6171,0.6678
"102",-109.1597,-1.2023,1.6406,0.9247,1.3841,0.438,-1.4843,1.1943,0.1589,-0.2197,0.4357,9.397,21.68,79.2865,271.664,0.0797,0.0605,0.0374,0.0051,0.1274,0.0672,-2.0759,2.2869,1.2196,0.3674,1.3578,-2.1958,2.0761,0.845,-0.3831,1.3576
"103",-47.3976,1.8149,2.1076,2.9627,0.9931,0.6162,1.46,1.7075,1.9986,-1.5611,0.6102,14.8,17.66,94.2058,657.618,0.0918,0.0889,0.0407,0.0226,0.1893,0.0589,2.6965,3.7159,3.9453,-1.1318,0.3469,2.5325,3.5308,3.4716,-2.219,0.3463
"104",-150.0625,0.9742,-1.1181,1.689,1.9624,0.8256,0.6361,-1.6084,0.7933,-0.2776,0.82,13,25.13,94.0486,574.1649,0.0837,0.0507,0.0121,0.0176,0.1667,0.0545,0.9435,-1.6319,2.4039,0.2966,2.0262,0.7926,-1.8631,1.9632,-0.6857,2.0256
"105",-138.8674,0.5876,1.3716,2.1242,3.209,1.0861,0.2598,0.9053,1.2365,1.0199,1.0825,12.62,23.97,80.7786,620.3977,0.079,0.0753,0.0544,0.0204,0.1514,0.0602,1.0518,1.2388,2.9555,2.9369,1.9695,0.9044,1.0149,2.5182,1.9724,1.9691
"106",-6.879,-0.4586,0.1125,0.9188,3.8032,-0.4361,-0.783,-0.2304,0.0562,1.7251,-0.4423,12.06,12.74,88.6323,562.3341,0.0931,0.0524,0.0197,0.0196,0.159,0.0591,-0.5984,0.5991,1.0831,3.446,-0.2605,-0.7417,0.4497,0.6579,2.52,-0.2612
"107",-33.074,-0.102,1.3418,0.6797,3.8501,-0.3809,-0.4957,0.9618,-0.3914,0.6249,-0.3869,18.49,17.52,113.0956,1152.1157,0.1012,0.1317,0.1491,0.0918,0.1832,0.067,-0.1891,2.1866,0.5298,2.4608,0.1222,-0.378,2.0045,0.0017,1.1659,0.1216
"108",-33.2862,0.102,1.4791,1.0061,2.6754,-1.6902,-0.2261,1.1163,0.1076,0.4404,-1.6938,12.89,15.7,72.296,533.2031,0.0782,0.0958,0.1115,0.0339,0.1432,0.0594,0.2198,1.5369,0.8547,1.4343,-1.7515,0.0707,1.3668,0.4105,0.4543,-1.7519
"109",-88.4187,-2.4981,-0.1278,1.3291,0.0242,1.7755,-2.7671,-0.559,0.5937,-1.4166,1.7698,8.597,18.6,59.6667,266.4566,0.1074,0.0585,0,0,0.2163,0.0736,-3.2882,-0.2806,1.4317,-0.8729,3.1001,-3.4006,-0.4727,1.0758,-1.5618,3.0994
"110",-118.6668,1.2434,-0.4567,0.7371,1.2527,0.4955,0.8966,-0.9241,-0.1642,-1.0043,0.4934,13.01,22.22,73.7844,433.6331,0.0625,0.0194,0.0016,0.0019,0.1395,0.0523,1.8984,-1.2642,0.7058,-0.1759,1.3483,1.7468,-1.4789,0.2663,-1.1633,1.3481
"111",-27.3613,-1.3516,-0.0116,1.2029,4.0113,0.9512,-1.7541,-0.3977,0.1058,0.671,0.9432,19.4,18.18,139.7627,1014.8121,0.1037,0.1442,0.1626,0.0946,0.1893,0.0589,-1.8438,-0.39,0.9878,2.2476,1.8595,-2.0384,-0.5762,0.448,0.9187,1.8586
"112",-95.0835,1.1062,1.522,-0.0626,1.7461,0.4036,0.7954,1.0951,-0.9152,-0.2509,0.3971,11.67,20.02,70.4567,430.4217,0.1016,0.0945,0.042,0.0216,0.1859,0.0646,1.8408,2.0973,-0.56,0.6482,0.5742,1.7015,1.8968,-0.9807,-0.2498,0.5735
"113",-81.3931,1.2282,2.1668,2.8545,2.7162,-1.6387,0.8193,1.7381,1.7451,-0.7452,-1.6457,19.8,21.56,124.6706,1020.5136,0.0938,0.1306,0.1272,0.0869,0.2094,0.0558,1.8292,2.7883,3.5056,0.3797,-2.5593,1.6319,2.58,2.9607,-0.9847,-2.56
"114",-37.9504,-0.0077,0.5254,2.2395,3.0235,-0.1059,-0.3913,0.1477,1.2054,0.0195,-0.1139,17.3,17.08,97.2991,853.8243,0.1008,0.1041,0.1266,0.0835,0.1813,0.0561,-0.3614,0.8076,2.8225,1.4532,0.3986,-0.5429,0.6281,2.3115,0.2248,0.3978
"115",-9.1408,1.9613,-0.0882,-0.7506,0.7285,-0.0567,1.6529,-0.4312,-1.5838,-1.1992,-0.0631,11.29,13.04,76.4196,198.038,0.0983,0.0761,0.0326,0.0276,0.1769,0.0627,2.7313,-0.3042,-1.3172,-0.731,0.159,2.595,-0.4558,-1.7294,-1.604,0.1583
"116",-25.1188,-0.4794,2.4857,-0.7475,3.8368,0.4677,-0.8212,2.1196,-1.6518,1.5252,0.4636,13.27,14.76,81.0778,585.4621,0.0736,0.0506,0.0326,0.0265,0.1386,0.0532,-1.0684,3.0786,-1.3367,3.9914,0.7262,-1.2214,2.9139,-1.7828,2.9855,0.7258
"117",-57.942,-2.3972,0.6165,0.0309,2.8241,0.4784,-2.7214,0.2126,-0.8386,0.723,0.4739,12.25,17.94,84.6016,328.1409,0.0865,0.0668,0.0388,0.0233,0.197,0.0623,-3.5325,0.6421,-0.4924,2.4951,1.0882,-3.6771,0.4551,-0.9215,1.5601,1.0878
"118",-62.0429,0.9833,1.7064,1.2237,5.1869,-0.5779,0.5821,1.3104,0.1117,1.7558,-0.5846,19.73,19.82,118.6613,1197.8469,0.1062,0.1849,0.2417,0.0974,0.1733,0.067,1.1447,2.3715,1.0314,4.1814,-0.3399,0.9487,2.1761,0.4849,2.8263,-0.3406
"119",-48.226,0.5754,-0.9996,-0.5589,2.8223,-0.2667,0.2332,-1.3966,-1.4713,0.5126,-0.271,13.4,16.95,80.9866,501.3436,0.0794,0.057,0.0218,0.0147,0.165,0.057,1.0641,-0.8385,-1.2729,1.6703,-0.6907,0.9102,-1.0191,-1.7211,0.6645,-0.6912
"120",-177.8613,0.1603,1.0575,0.7949,3.3656,0.0324,-0.2248,0.5693,-0.2594,0.274,0.0251,17.75,28.03,127.5995,930.3628,0.1,0.1314,0.1698,0.0829,0.1713,0.0592,0.0081,1.468,0.3552,2.5345,0.7086,-0.1759,1.2243,-0.1648,1.2797,0.7078
"121",-189.0677,1.2225,0.1165,-1.4564,2.1112,-0.4233,0.8213,-0.3658,-2.601,-1.3965,-0.4312,20.6,29.33,149.2719,1374.896,0.1178,0.277,0.3514,0.152,0.2397,0.0702,1.9941,-0.0153,-2.6693,-0.167,-0.3129,1.7944,-0.2622,-3.2325,-1.545,-0.3139
"122",-16.1739,1.5426,1.8894,-0.6796,4.0825,-0.337,1.231,1.5321,-1.5369,2.0572,-0.3395,11.74,14.69,78.2421,433.9296,0.081,0.0966,0.0673,0.0264,0.1499,0.0676,2.4106,2.2895,-1.43,4.1981,-0.5617,2.2709,2.1259,-1.8537,3.291,-0.5619
"123",-13.7145,1.8334,-1.877,0.43,1.8864,1.3522,1.512,-2.2262,-0.4417,-0.2225,1.3485,12.21,14.09,84.3026,498.0282,0.0811,0.0782,0.0684,0.0253,0.1646,0.0615,2.6944,-2.506,0.484,0.9793,2.3829,2.5504,-2.665,0.0535,0.0424,2.3825
"124",-61.5384,1.5554,1.8987,2.9849,4.773,-0.8412,1.1069,1.4656,1.7828,0.7093,-0.8467,23.27,22.04,156.2876,1729.304,0.0844,0.1145,0.1324,0.097,0.1801,0.0555,2.2798,2.6973,3.8016,3.0077,-0.8048,2.0611,2.4862,3.2159,1.4754,-0.8054
"125",-132.0512,2.1392,-1.3226,0.5682,1.2236,-0.2158,1.7509,-1.7752,-0.549,-2.0786,-0.2191,19.17,24.8,127.6071,944.2941,0.0974,0.2458,0.2065,0.1118,0.2397,0.078,2.5538,-2.1104,0.0301,-1.4277,-0.1095,2.3626,-2.336,-0.5195,-2.7461,-0.1098
"126",-101.7652,-0.3673,1.385,0.3108,2.7349,0.2589,-0.6881,0.9426,-0.5631,0.6199,0.2546,12.36,21.8,92.4456,445.9719,0.0877,0.0945,0.0602,0.0374,0.193,0.064,-0.5343,1.8166,-0.2952,2.3703,0.8966,-0.6792,1.6055,-0.7281,1.4306,0.8962
"127",-52.7803,1.9,1.5483,2.887,4.4382,-0.1541,1.5206,1.1437,1.8672,1.5046,-0.1604,16.78,18.8,104.4074,911.6734,0.0887,0.0918,0.0842,0.0658,0.1893,0.0553,2.0371,1.6317,3.4953,3.5689,0.1642,1.859,1.4398,2.9919,2.3619,0.1636
"128",-15.592,0.0604,-0.7174,-0.5456,2.2259,-0.0078,-0.3031,-1.1015,-1.4946,-0.3123,-0.0125,14.61,15.69,113.5371,469.7815,0.0762,0.0352,0.0145,0.0188,0.1632,0.0526,0.3953,-1.2954,-0.8667,1.0772,0.4472,0.2317,-1.4673,-1.3328,-0.0043,0.4467
"129",-61.1363,-0.1662,0.4432,-0.9303,2.3688,-0.6397,-0.4561,0.0404,-1.7195,0.6493,-0.6463,10.05,17.53,63.8631,307.8142,0.1007,0.0733,0.0251,0.0177,0.189,0.0633,-0.4537,0.7905,-1.4184,1.9642,-0.7685,-0.5793,0.606,-1.8075,1.1677,-0.7693
"130",-58.5928,1.2158,-0.8999,-0.6147,1.6974,-1.0161,0.8973,-1.2984,-1.4694,-0.3379,-1.0217,11.8,17.26,59.8428,409.9503,0.0909,0.0623,0.0285,0.0164,0.1847,0.0602,1.8152,-1.3389,-1.0553,0.5664,-1.0767,1.6743,-1.5216,-1.4762,-0.3451,-1.0773
"131",-81.8187,0.2574,1.0212,-1.358,3.2316,0.9705,-0.0343,0.6111,-2.1741,1.4143,0.9648,10.6,18.95,66.9679,467.368,0.0969,0.1147,0.0639,0.0264,0.1922,0.0649,0.5605,1.6225,-2.3762,2.7257,1.5662,0.4308,1.4293,-2.7798,1.8927,1.5656
"132",-42.3609,-1.3802,-0.8772,1.4096,1.3697,0.8646,-1.6916,-1.2586,0.5584,-0.6378,0.8563,11.68,16.17,60.9206,484.6641,0.1128,0.0926,0.0428,0.0313,0.1853,0.064,-1.9377,-1.3505,1.3353,0.0568,1.2794,-2.077,-1.5253,0.9141,-0.8449,1.2784
"133",-192.9699,0.8953,0.0961,0.845,2.0738,0.3784,0.554,-0.4038,-0.0902,-0.3373,0.3717,14.05,27.15,82.283,685.8081,0.0993,0.1126,0.0446,0.043,0.1537,0.0617,1.0947,0.0981,0.3547,0.8281,0.8045,0.9368,-0.1433,-0.1078,-0.2114,0.8038
"134",-29.5916,0.6451,0.4838,1.1095,0.7606,-1.0659,0.3532,0.122,0.3029,-1.022,-1.0709,10.48,14.98,70.8201,470.0226,0.0982,0.1013,0.0634,0.0222,0.1925,0.0692,0.8308,0.5093,0.7716,-0.4093,-1.05,0.7019,0.3436,0.3732,-1.2294,-1.0505
"135",-92.8206,0.6285,-1.0748,1.1031,2.2129,-1.799,0.3441,-1.4767,0.29,0.4204,-1.8001,10.57,20.22,67.4643,277.3689,0.0907,0.166,0.228,0.0594,0.2188,0.0845,1.0879,-1.4384,1.4366,1.7416,-1.7401,0.9594,-1.6366,1.0311,0.9172,-1.7402
"136",-7.6464,-0.6231,0.1381,1.892,5.3301,-1.4436,-0.9887,-0.2084,0.9064,2.6128,-1.4504,15.71,13.93,108.2953,672.9287,0.0946,0.0946,0.0714,0.0593,0.1816,0.0572,-0.9266,0.2399,2.4057,4.8064,-1.8105,-1.0971,0.0822,1.9185,3.667,-1.8112
"137",4.1885,-0.7454,1.216,0.9849,1.7486,0.2618,-1.0567,0.8685,0.1564,-0.1628,0.2553,11.15,13.08,86.6843,147.2011,0.0975,0.0511,0.0198,0.0179,0.183,0.061,-0.7664,1.5922,0.9153,1.1669,1.1117,-0.9021,1.4401,0.5069,0.2997,1.111
"138",-15.0728,-1.2385,0.3634,1.328,1.9519,-0.705,-1.5608,0.0248,0.4262,-0.2714,-0.7093,12.89,14.11,81.0648,669.3563,0.0876,0.1346,0.1374,0.0398,0.1596,0.0641,-1.5753,-0.0575,1.8451,1.1523,-1.2427,-1.7237,-0.2153,1.3987,0.176,-1.2431
"139",-152.959,-0.6352,0.3671,1.6815,3.6919,0.0467,-0.9519,-0.1137,0.8314,1.6933,0.0436,11.6,24.49,71.9263,552.9663,0.0747,0.0569,0.0197,0.0131,0.1935,0.0588,-1.0636,0.3153,2.2719,3.5834,0.1242,-1.2029,0.0878,1.8538,2.6847,0.1239
"140",-49.6911,0.4739,-0.4519,1.4395,1.7004,-0.7621,0.2019,-0.7794,0.6689,0.0182,-0.7643,9.731,15.34,55.0234,256.0927,0.1072,0.1599,0.4108,0.0786,0.2548,0.093,1.1317,-0.7115,1.5614,1.6324,-0.0865,1.0107,-0.8734,1.1754,0.8486,-0.0868
"141",-99.5006,-0.5219,-0.2737,0.4412,1.9701,0.3476,-0.8804,-0.7239,-0.5354,-0.6541,0.3426,15.28,22.41,106.6735,425.4228,0.0906,0.1052,0.0538,0.0326,0.1727,0.0632,-0.7631,-0.6282,0.0369,0.2681,0.7531,-0.9303,-0.8431,-0.4438,-0.8413,0.7526
"142",-66.9524,-0.0749,0.1878,2.4297,4.0996,2.0893,-0.4999,-0.2307,1.2552,0.2926,2.0815,22.01,21.9,149.9107,1370.2059,0.1063,0.1954,0.2448,0.1501,0.1824,0.0614,-0.0151,0.1123,2.1577,2.1205,3.6728,-0.2249,-0.0959,1.5816,0.6587,3.672
"143",-73.1481,-1.0318,0.5468,0.4816,2.0811,1.2781,-1.3584,0.1278,-0.428,-0.2094,1.2718,13.28,20.28,83.2563,544.5895,0.1041,0.1436,0.0985,0.0616,0.1974,0.0678,-1.3405,0.7415,0.1704,0.9609,2.1468,-1.4918,0.5404,-0.2816,-0.0391,2.1461
"144",-86.312,1.5911,1.8029,1.3695,2.7994,-1.671,1.2899,1.3866,0.5345,0.8651,-1.6744,11.26,19.96,63.2885,533.3377,0.0802,0.1181,0.0927,0.0559,0.2595,0.0623,2.2389,2.2757,1.6152,2.1879,-2.2425,2.1036,2.0766,1.1994,1.311,-2.2428
"145",-9.6423,0.1049,-0.8079,2.427,3.6609,-0.4995,-0.2336,-1.1597,1.537,1.4435,-0.5043,12.81,13.06,77.402,381.6841,0.0874,0.0377,0.0092,0.0133,0.1466,0.0613,0.2884,-0.8432,3.368,3.967,0.0031,0.1387,-0.9953,2.9307,2.993,0.0026
"146",-47.7157,-0.2762,0.6637,0.9246,2.4026,2.6863,-0.631,0.2532,-0.0188,-0.0731,2.6843,14.26,18.17,103.9438,590.1184,0.0658,0.0522,0.0248,0.0137,0.1635,0.0559,-0.3259,0.9729,1.0288,0.8377,3.747,-0.4865,0.784,0.5661,-0.2234,3.7468
"147",-46.5597,0.5395,-1.9083,-0.2259,0.2114,-0.4225,0.2437,-2.293,-1.0195,-1.5292,-0.4283,10.08,15.11,56.9463,76.7232,0.0927,0.047,0.0016,0.0024,0.1703,0.0605,0.3781,-3.1695,-0.8059,-1.2688,-0.2072,0.2517,-3.3375,-1.1933,-2.0727,-0.2078
"148",-65.9848,-0.7864,2.55,0.2023,2.8507,0.1742,-1.0903,2.1361,-0.6046,1.053,0.1697,10.57,18.32,67.6433,390.6644,0.0814,0.0446,0.0199,0.0111,0.2372,0.0577,-1.2835,3.5599,-0.1668,2.2541,0.1709,-1.4143,3.37,-0.5634,1.4274,0.1705
"149",-56.8871,1.9666,2.493,2.0117,2.4977,-0.4572,1.6347,2.0961,1.1289,0.32,-0.4624,12.62,17.15,73.5648,405.3869,0.0858,0.0543,0.0297,0.0227,0.1799,0.0583,2.505,3.6483,2.4323,1.8777,-0.3382,2.3572,3.4665,1.9969,0.9165,-0.3387
"150",-50.5645,0.4435,2.5768,0.6735,1.6035,0.0909,0.1188,2.1887,-0.2013,-0.525,0.0849,12.31,16.52,94.1293,356.287,0.0917,0.0683,0.0337,0.0227,0.172,0.0591,0.723,3.6982,0.3515,1.0327,-0.0159,0.578,3.5208,-0.0801,0.0887,-0.0165
"151",-52.0551,0.6309,0.385,0.7414,1.9444,-0.0012,0.3151,-0.0077,-0.1444,-0.176,-0.007,12.4,17.68,84.2912,463.5048,0.1054,0.1316,0.0774,0.028,0.1811,0.071,0.7704,0.6432,0.3903,0.5301,0.1222,0.6258,0.4587,-0.0472,-0.4112,0.1215
"152",8.3333,0.3648,0.2799,-0.1943,3.6739,0.6376,0.0325,-0.0536,-1.0781,1.4888,0.633,12.7,12.17,96.6427,524.0597,0.0878,0.0579,0.0236,0.024,0.1583,0.0628,0.5662,0.2699,-0.7775,3.7752,1.1039,0.4179,0.1252,-1.2136,2.812,1.1034
"153",-158.1155,0.2536,2.0284,1.3595,-0.3881,1.1237,-0.0459,1.5417,0.5475,-2.2073,1.1177,10.65,25.22,66.5351,325.8385,0.0966,0.0723,0.0238,0.0162,0.1897,0.0633,0.5637,2.0368,1.1715,-2.0479,2.0251,0.4327,1.8053,0.7714,-2.8815,2.0245
"154",-27.1832,-1.4792,1.0807,0.257,4.1752,0.4382,-1.878,0.7051,-0.8153,0.9378,0.4307,18.66,17.12,126.6197,1299.745,0.1054,0.11,0.1457,0.0866,0.1966,0.0621,-2.3234,1.9225,0.0171,2.8626,0.4448,-2.5138,1.743,-0.5113,1.5638,0.444
"155",-102.2284,0.2262,1.8196,2.0573,0.685,1.9142,-0.0945,1.3966,1.1755,-1.4652,1.9093,12.63,20.76,75.1239,578.6475,0.0993,0.1209,0.1065,0.0602,0.1735,0.0707,0.5223,2.5576,2.361,-0.9136,3.2402,0.3757,2.3538,1.9223,-1.8651,3.2397
"156",-33.7278,-0.592,-0.9207,0.5659,1.8335,0.6121,-0.9157,-1.3097,-0.3252,-0.3426,0.6043,12.75,16.7,78.3794,455.2521,0.1125,0.1117,0.0388,0.03,0.212,0.0662,-0.9018,-1.8259,0.334,0.5691,1.1742,-1.0495,-2.0045,-0.1063,-0.3922,1.1733
"157",-93.9523,-0.9362,1.5701,1.1908,3.1982,0.7752,-1.2845,1.1213,0.257,0.7807,0.7693,14.03,21.25,86.2692,625.1012,0.0907,0.0694,0.0146,0.019,0.1517,0.0584,-1.3849,1.9216,1.5153,1.7852,1.4978,-1.5434,1.713,1.0562,0.7436,1.4972
"159",-70.9376,0.7227,-0.1654,0.483,2.5412,0.0257,0.4262,-0.5923,-0.2962,0.8845,0.0248,9.72,18.22,68.1237,308.8415,0.0695,0.0234,0,0,0.1653,0.0645,1.4373,-0.041,0.476,2.3283,0.3648,1.3138,-0.2306,0.0981,1.5563,0.3647
"160",-57.803,0.1501,3.0524,2.467,1.281,-0.7559,-0.1665,2.6533,1.6017,-0.7873,-0.7632,12.1,17.72,89.2368,597.6118,0.1029,0.0976,0.0478,0.0333,0.1937,0.0616,0.45,4.3208,3.5679,0.348,-0.3069,0.3073,4.1355,3.1395,-0.5754,-0.3077
"161",-55.4602,0.2409,1.065,0.4231,1.3069,-1.9442,-0.101,0.6663,-0.4959,-1.0413,-1.9511,13.7,17.64,79.2633,617.1158,0.0995,0.0796,0.0455,0.0316,0.1732,0.0609,0.0758,1.8237,4e-04,-0.6272,-2.8278,-0.08,1.6388,-0.4534,-1.6462,-2.8285
"162",-66.3735,-0.3595,1.7894,2.9856,2.2985,0.3506,-0.6801,1.3864,2.1046,0.1471,0.3443,12.47,18.6,90.1073,415.9842,0.0996,0.1058,0.08,0.0382,0.1925,0.0637,-0.6682,2.9133,4.056,1.5917,0.7034,-0.8137,2.7227,3.6196,0.6394,0.7027
"163",-53.8177,0.3105,-0.4009,3.0035,2.0824,-1.3273,0.0186,-0.7872,2.2076,0.3321,-1.3312,10.26,16.58,65.1699,525.2128,0.0888,0.0807,0.0436,0.0244,0.1669,0.0671,0.2014,-0.5216,3.8635,1.2825,-0.9549,0.0741,-0.6992,3.4701,0.4751,-0.9553
"164",-76.0627,-0.2006,1.8346,0.9026,2.1592,1.807,-0.5424,1.3978,2e-04,-0.0942,1.802,13.05,19.31,82.759,597.6873,0.0806,0.0379,7e-04,0.0042,0.1819,0.055,-0.2742,3.2147,0.3739,0.9882,2.8741,-0.4257,3.0179,-0.0671,0.001,2.8736
"165",-25.1909,-0.6061,-0.1714,2.7901,1.5866,-0.1027,-0.9152,-0.5252,1.9582,-0.3334,-0.105,11.14,14.07,65.0039,257.9353,0.0727,0.0606,0.045,0.0147,0.169,0.0608,-1.0225,-0.4489,3.8176,1.1629,0.0041,-1.1578,-0.6082,3.408,0.2929,0.0038
"166",-66.9751,1.3559,0.6041,-0.2226,3.2848,0.4071,0.9443,0.193,-1.3601,-0.2857,0.3998,20.55,20.86,128.4335,1347.7208,0.1046,0.1739,0.2085,0.1322,0.2127,0.0625,1.3357,0.8244,-1.0126,0.9831,0.8951,1.1344,0.6219,-1.572,-0.4126,0.8943
"167",-62.9658,-0.1585,2.2391,-0.2558,1.9437,0.1789,-0.4381,1.8577,-1.0258,0.314,0.1764,9.606,16.84,52.7592,193.7194,0.0848,0.0923,0.0842,0.0229,0.2036,0.0712,-0.1462,3.0543,-0.7789,1.5914,0.5124,-0.2674,2.8757,-1.1593,0.8288,0.5121
"168",-120.2297,-0.4645,1.4825,1.6926,1.2061,1.8974,-0.8045,1.0572,0.6799,-1.5251,1.8926,15.66,23.2,118.1826,721.4401,0.1109,0.3114,0.3176,0.1377,0.2495,0.081,-0.3949,1.9935,1.6975,-0.9169,3.1401,-0.561,1.7791,1.1935,-2.0616,3.1395
"169",-147.6246,0.5891,0.5421,1.689,4.243,-0.3891,0.2153,0.1016,0.6616,1.2916,-0.3985,17.02,23.98,90.7619,916.2354,0.1197,0.1496,0.2417,0.1203,0.2248,0.0638,0.3093,0.7038,1.6402,3.3546,-0.1049,0.1306,0.4834,1.1303,2.1417,-0.1059
"170",-68.6711,-1.0988,1.225,0.0394,3.3309,0.1639,-1.4785,0.8126,-1.0116,0.271,0.1554,17.68,20.74,120.5295,1028.6264,0.1115,0.1665,0.1855,0.1054,0.1971,0.0617,-1.7896,1.4361,-0.9758,1.5519,0.4726,-1.9724,1.2339,-1.4956,0.3062,0.4716
"171",-105.8792,2.0301,0.4993,1.5896,1.3662,0.6927,1.6915,0.073,0.6322,-1.1256,0.6865,14.58,21.53,80.0355,597.5713,0.1054,0.1868,0.1425,0.0878,0.2252,0.0692,2.6934,0.4608,2.1095,-0.3633,1.3384,2.5329,0.2529,1.6334,-1.4308,1.3377
"172",-4.114,-1.038,0.9485,0.5085,2.3236,0.2515,-1.3626,0.6165,-0.3602,0.2136,0.2438,12.32,12.39,77.715,379.1457,0.1028,0.0698,0.0399,0.037,0.1959,0.0596,-1.4671,1.2466,0.1087,1.7302,0.7338,-1.6122,1.1004,-0.3217,0.7922,0.733
"173",-109.1755,0.0476,0.67,1.1372,2.3411,-0.8205,-0.2698,0.2242,0.2765,0.2879,-0.8269,11.93,21.53,65.8453,422.953,0.0977,0.0785,0.0333,0.0201,0.1688,0.0619,0.2404,0.6945,1.0882,1.4784,-1.0479,0.0987,0.4845,0.6638,0.5609,-1.0486
"174",-88.4357,-0.5587,0.8743,0.8018,1.7738,1.1213,-0.8733,0.4572,-0.0306,-0.1724,1.1166,11.31,19.04,55.2846,228.3287,0.0814,0.047,0.0371,0.0223,0.1516,0.0567,-0.9624,1.166,0.5639,0.6688,1.882,-1.0995,0.9717,0.1529,-0.2102,1.8815
"175",-24.7125,-1.3131,-0.9461,1.3908,2.7922,-0.2109,-1.6241,-1.3221,0.5254,0.7761,-0.2192,11.95,14.96,88.0975,442.5987,0.1158,0.1206,0.0117,0.0179,0.2459,0.0658,-1.3802,-1.5268,1.5083,2.5164,-0.0345,-1.5212,-1.6935,1.082,1.6105,-0.0355
"176",-73.6454,0.8327,1.5917,0.1639,3.2453,-0.8528,0.409,1.1585,-0.9626,-0.3302,-0.859,20.48,21.46,130.7029,1260.6179,0.0836,0.0835,0.0904,0.0602,0.1467,0.0518,0.6179,2.388,-1.1358,1.4582,-0.9523,0.4154,2.1796,-1.6865,0.0621,-0.9529
"177",-48.999,1.0971,0.2153,2.1719,1.9137,0.3845,0.7688,-0.1828,1.285,-0.2583,0.3769,12.67,17.3,74.118,543.5033,0.1028,0.0766,0.0319,0.0211,0.1707,0.0598,1.5414,-0.0473,3.1977,0.9274,1.2891,1.3936,-0.2301,2.7606,-0.0316,1.2883
"178",-2.9852,0.1833,-2.7846,2.7494,1.7797,1.4424,-0.1571,-3.1204,1.7834,-0.7361,1.4375,14.69,13.98,92.7478,566.1901,0.1031,0.1836,0.145,0.063,0.2086,0.0741,0.9517,-4.158,3.5446,-0.1581,2.2349,0.7904,-4.3148,3.0661,-1.2331,2.2343
"179",-66.9251,-0.2376,0.1392,-1.3804,0.9943,1.1889,-0.5213,-0.2522,-2.1577,-0.6694,1.1833,9.777,16.99,46.8404,364.7385,0.1037,0.084,0.0433,0.0178,0.1584,0.0706,-0.424,0.0073,-2.4334,-0.5297,1.9235,-0.5469,-0.1732,-2.8166,-1.3042,1.9228
"180",-67.6358,1.3424,1.7432,1.2311,4.0332,0.0845,0.9482,1.3297,0.1646,0.8506,0.0777,18.25,19.98,112.5282,882.8262,0.0946,0.109,0.1127,0.074,0.1794,0.0574,2.083,1.987,1.3959,2.5805,0.6905,1.8952,1.7882,0.8709,1.2983,0.6898
"181",-57.2952,0.0902,2.1718,-0.2528,2.2887,1.5486,-0.2325,1.7683,-1.1235,0.1888,1.5425,12.21,18.02,97.0607,733.4723,0.0923,0.0718,0.0439,0.0203,0.1695,0.0592,0.0286,3.5102,-0.8861,1.3171,2.8509,-0.1155,3.3227,-1.3154,0.3832,2.8503
"182",-50.3081,0.3261,0.568,2.53,1.9719,1.146,-0.0158,0.1743,1.6262,-0.3269,1.1407,13.27,17.02,100.3061,644.3064,0.0844,0.0499,0.0355,0.0246,0.1496,0.0567,0.2987,0.71,3.0535,0.8477,1.8088,0.1457,0.5292,2.6078,-0.1541,1.8083
"183",-160.1296,-0.1308,0.2748,-0.6558,2.2264,1.7819,-0.4879,-0.2092,-1.6115,-0.3164,1.777,14.74,25.42,97.3163,610.5682,0.0828,0.0721,0.0411,0.0303,0.184,0.0568,-0.1434,0.627,-1.5003,1.2608,3.519,-0.3073,0.3948,-1.9711,0.1774,3.5185
"184",-41.6294,1.4713,0.0011,0.5914,0.5343,1.4793,1.0942,-0.4024,-0.4191,-2.322,1.4718,16.5,18.29,112.8963,890.8609,0.0969,0.0847,0.0586,0.0483,0.1495,0.0559,2.4365,0.0984,0.4903,-2.4207,2.2887,2.2602,-0.0906,-0.0075,-3.603,2.288
"185",-82.6472,0.7715,-1.2067,2.3395,0.0937,2.3189,0.4722,-1.6303,1.5402,-1.7023,2.3116,10.48,19.86,72.3537,257.5462,0.107,0.0597,0.0483,0.0307,0.1737,0.0644,0.9681,-1.7513,3.0296,-0.8279,3.6453,0.8385,-1.9506,2.6337,-1.6525,3.6444
"186",-49.1382,0.4475,1.3842,1.0013,3.1845,-0.6351,0.157,0.9988,0.2289,1.5274,-0.64,9.742,15.67,61.9543,289.7496,0.0904,0.0469,0.011,0.0141,0.2081,0.0631,0.6763,1.9521,1.2114,3.5568,-0.8802,0.553,1.7802,0.8313,2.7836,-0.8807
"187",-106.2865,1.4389,1.7358,2.3146,4.6801,-0.2383,1.0485,1.3075,1.1559,1.2055,-0.2456,20.18,23.97,147.8339,1268.8509,0.1286,0.3454,0.3754,0.1604,0.2906,0.0814,1.9257,2.4147,2.8341,3.4544,-0.3058,1.7299,2.1969,2.2644,2.0854,-0.3067
"188",-235.9019,-0.4808,0.8585,1.6578,0.6422,-0.4123,-0.7926,0.3441,0.8067,-1.3528,-0.4181,11.63,29.29,73.3298,283.4968,0.0936,0.0857,0.0716,0.0202,0.1799,0.0617,-0.7749,1.1528,1.9458,-0.682,-0.3493,-0.9139,0.9008,1.526,-1.5791,-0.3499
"189",-102.7229,2.3666,2.0803,-1.2573,4.3325,0.3946,1.9607,1.6416,-2.3607,0.9507,0.3871,19.55,23.21,130.8169,1043.2312,0.101,0.1318,0.1856,0.1021,0.1989,0.0588,4.0684,3.1544,-3.0531,3.4184,0.8542,3.8727,2.9374,-3.5961,2.0773,0.8534
"190",-85.8868,0.3105,1.1913,1.6481,3.3936,-0.1056,-0.0459,0.7698,0.6977,0.8171,-0.1127,14.68,20.13,82.4433,879.8019,0.0987,0.072,0.074,0.0526,0.1586,0.0592,0.9012,0.9811,1.1574,2.2432,0.0574,0.7378,0.7806,0.6869,1.1494,0.0567
"191",-195.2572,-0.3629,2.4147,-0.0594,2.7612,1.7439,-0.7195,1.9138,-1.0067,0.2607,1.7408,14.4,26.99,75.1222,636.3743,0.07,0.0522,0.0348,0.0174,0.1707,0.0543,-0.7042,3.2788,-0.638,2.0148,2.5052,-0.8659,3.038,-1.1031,0.9455,2.5049
"192",-72.0424,1.7857,2.4168,0.9839,4.475,1.0114,1.378,2.0037,-0.1431,0.9704,1.0031,20.34,21.51,130.2957,1267.3105,0.117,0.1875,0.2565,0.1504,0.2569,0.0667,1.9083,3.3446,0.9179,3.3518,1.701,1.7086,3.139,0.3625,1.9745,1.7001
"193",-68.0474,-0.1838,-0.0429,0.1622,2.3585,0.7307,-0.4931,-0.4445,-0.6862,0.3699,0.7224,11.64,18.33,79.2561,445.0097,0.1142,0.1017,0.0707,0.0348,0.1801,0.0652,-0.4781,-0.5544,-0.0433,1.6874,0.9254,-0.6169,-0.7434,-0.4636,0.7925,0.9245
"194",-56.7535,1.1923,1.1582,2.1414,1.51,-0.5563,0.8737,0.7487,1.2941,-0.5261,-0.5628,11.76,18.14,87.3709,350.7307,0.0997,0.0591,0.0268,0.0352,0.1619,0.0629,1.3811,1.3795,2.3788,0.7714,-0.2662,1.2404,1.1909,1.9589,-0.1399,-0.2669
"195",-22.3772,0.6135,-0.4292,0.4929,1.685,-1.6408,0.2824,-0.7938,-0.3789,-0.4221,-1.6449,12.18,14.08,72.2931,341.8361,0.0773,0.0321,0.0112,0.0051,0.1673,0.0565,0.7619,-0.5231,-0.2121,0.6338,-2.0458,0.6172,-0.6832,-0.6387,-0.3026,-2.0463
"196",-68.4345,0.229,-0.2892,-0.0469,1.4183,2.2995,-0.0497,-0.678,-0.8314,-0.2798,2.2968,9.904,18.06,60.4366,209.7568,0.097,0.1294,0.1307,0.0372,0.1669,0.0812,0.3965,-0.384,-0.4506,0.7059,3.795,0.2733,-0.5701,-0.8399,-0.0819,3.7947
"197",-41.3914,-1.3755,0.9255,-0.8169,2.6917,-0.231,-1.7117,0.5411,-1.7099,0.462,-0.2354,12.91,16.33,82.2644,407.8978,0.0794,0.0537,0.0387,0.0238,0.1829,0.0567,-2.1744,1.5518,-1.9572,2.6116,-0.5117,-2.3246,1.3758,-2.3976,1.6326,-0.5121
"198",-53.8736,-2.398,1.0814,1.3359,1.5848,-0.4711,-2.6683,0.7096,0.5981,0.0764,-0.4742,8.878,15.49,47.8334,171.6492,0.0829,0.077,0.0472,0.0238,0.193,0.0662,-3.5726,1.2475,2.4516,0.9102,-0.7605,-3.6873,1.0777,2.0872,0.1949,-0.7608
"199",-223.0884,-0.0488,2.1508,0.8106,2.6782,0.0689,-0.4163,1.6264,-0.1563,0.0389,0.0631,15.13,29.81,111.1256,612.0332,0.0832,0.046,0.0469,0.0274,0.1852,0.0529,0.22,3.0591,0.5354,1.0605,0.1463,0.0528,2.804,0.0598,-0.0541,0.1457
"200",-17.4391,0.7848,0.7448,0.1328,-0.5781,-0.7923,0.4448,0.4017,-0.7886,-2.9264,-0.7982,13.65,13.16,79.0473,564.4456,0.0965,0.0871,0.0389,0.0256,0.136,0.0634,0.9012,1.4874,-0.4095,-2.9391,-0.6701,0.7459,1.335,-0.8636,-3.9573,-0.6708
"201",-46.0121,-0.1601,1.1587,1.8705,1.0282,-0.3219,-0.4191,0.8054,1.1207,-0.4902,-0.3232,8.888,14.64,46.2685,263.8214,0.0978,0.1531,0.0861,0.0287,0.1902,0.0898,-0.126,1.8624,2.2074,0.4192,-0.3584,-0.2393,1.6996,1.8363,-0.2999,-0.3586
"202",-38.573,-0.9781,1.5253,0.3992,3.5061,0.2195,-1.4229,1.1209,-0.8024,-0.5563,0.2123,23.09,19.83,153.7364,1539.3908,0.0934,0.1275,0.1676,0.1003,0.1505,0.0548,-1.9009,2.0227,-0.1164,1.4355,0.661,-2.1183,1.8258,-0.7021,-0.096,0.6602
"203",-150.3212,0.2361,-1.9609,1.6144,3.271,-0.4362,-0.1048,-2.4348,0.6952,0.9201,-0.4419,13.61,24.69,95.0109,555.6623,0.0926,0.0786,0.0528,0.0308,0.1761,0.0613,-0.0276,-3.4073,2.0656,2.6465,-0.4914,-0.1828,-3.6352,1.6118,1.6266,-0.492
"204",-11.7852,-0.2052,-1.7493,0.7962,1.135,-0.3311,-0.534,-2.0948,-0.0954,-1.0725,-0.3393,12.86,13.32,83.6081,427.1817,0.1134,0.0883,0.038,0.034,0.1543,0.0648,-0.5031,-2.4992,0.7308,0.0264,-0.1252,-0.6522,-2.6528,0.2898,-0.9444,-0.1261
"205",-117.5364,1.7387,1.1105,1.6122,1.876,0.1394,1.3723,0.6526,0.617,-0.8787,0.1335,15.85,23.95,113.6984,692.1815,0.084,0.1002,0.0994,0.0536,0.1847,0.0534,2.407,1.5707,1.937,0.264,0.488,2.2356,1.3478,1.4458,-0.8872,0.4875
"206",-22.5794,-0.0315,1.7954,-0.5265,3.8593,-2.4628,-0.457,1.4034,-1.6529,0.2604,-2.4681,20.57,17.77,139.5917,1536.8934,0.0847,0.0786,0.0869,0.0702,0.1812,0.0567,-0.3056,1.7273,-1.5986,2.0714,-3.7426,-0.5088,1.5424,-2.1499,0.6681,-3.7432
"207",-7.5736,-1.265,-0.6618,-0.4747,2.1789,0.5114,-1.6158,-1.0094,-1.4181,-0.3186,0.503,14.53,13.98,84.9796,395.7132,0.1099,0.0924,0.069,0.0649,0.165,0.0612,-1.8866,-1.2663,-1.495,1.4059,0.9924,-2.0485,-1.4244,-1.9631,0.3377,0.9914
"208",-31.1705,-0.5615,0.0924,0.4915,3.2258,0.1987,-0.7982,-0.274,-0.1702,2.0718,0.1924,6.981,13.43,46.0227,294.5645,0.117,0.0757,0,0,0.193,0.0782,-0.6971,0.6828,0.7665,4.0618,0.2151,-0.7928,0.5276,0.4486,3.4931,0.2144
"209",-26.833,0.7336,2.0091,0.0887,2.7949,0.048,0.4001,1.6479,-0.8163,0.5162,0.0423,13.15,15.34,82.599,667.2635,0.0938,0.085,0.0929,0.0348,0.1822,0.0621,1.0916,2.7088,-0.9874,1.9993,0.296,0.9402,2.541,-1.4348,1.0036,0.2954
"210",-54.8718,-0.7518,0.0863,0.9622,2.4471,-0.5613,-1.0658,-0.2795,0.074,0.3094,-0.565,12.45,16.41,65.0158,420.6974,0.0951,0.1511,0.1544,0.0485,0.2082,0.0732,-1.2626,0.6753,1.6741,1.7363,-0.3845,-1.4071,0.5009,1.2333,0.7883,-0.385
"211",-207.6714,0.87,0.5702,0.0973,2.3812,0.0543,0.5531,0.0626,-0.7443,0.4352,0.0518,11.32,27.08,64.6671,480.0185,0.0688,0.0381,0.0163,0.0031,0.1869,0.0563,0.808,0.7424,-0.0447,1.4095,0.6906,0.6707,0.5008,-0.456,0.5298,0.6903
"212",-98.3422,1.1063,-1.3748,0.9097,0.0735,-2.5562,0.7985,-1.8113,0.0655,-1.8873,-2.5629,11.45,20.97,70.4189,366.3172,0.1102,0.0936,0.0459,0.0223,0.1842,0.07,1.143,-2.0623,1.0248,-1.7064,-3.7597,1.0056,-2.2686,0.608,-2.5914,-3.7604
"213",-76.8204,0.8576,1.0152,2.2614,2.9425,-0.1031,0.5354,0.6106,1.3773,0.7776,-0.1078,12.56,19.07,73.9901,566.632,0.0876,0.1038,0.103,0.0439,0.1533,0.0618,1.0868,1.4028,2.7695,2.3663,0.1803,0.9404,1.2096,2.3311,1.4101,0.1798
"214",-107.3223,1.4676,0.5081,1.4571,1.6364,0.0337,1.1123,0.0756,0.4598,-1.1153,0.0268,15.78,22.91,113.479,713.2114,0.1155,0.1752,0.2133,0.0948,0.2096,0.0733,1.7391,1.2006,0.8729,0.1423,0.591,1.5696,0.9859,0.378,-1.0084,0.5902
"215",-5.9122,0.2824,1.7405,2.0458,2.981,0.7616,-0.0506,1.3896,1.1342,0.6859,0.7547,13.47,14.06,90.8467,418.6242,0.1071,0.1155,0.0579,0.0527,0.1779,0.0664,0.0506,2.7801,2.0079,2.263,0.8362,-0.1028,2.6211,1.5557,1.2618,0.8354
"216",-197.335,0.383,1.5527,0.3878,3.4495,2.0955,0.0378,1.0329,-0.5284,1.1164,2.0921,13.46,28.21,93.7742,768.3146,0.0752,0.0473,0.0127,0.0112,0.1421,0.0576,0.4325,2.2536,-0.2056,3.1408,3.3978,0.2779,2.006,-0.655,2.1276,3.3975
"217",-41.32,-0.7491,2.3404,-1.2076,2.2594,0.6087,-1.0687,1.9652,-2.0712,0.1995,0.6019,12,15.65,74.6161,426.486,0.0972,0.0716,0.0415,0.0186,0.2079,0.0597,-0.8674,3.6079,-2.2583,1.4938,1.3684,-1.0098,3.4368,-2.6839,0.573,1.3677
"218",-31.7627,0.2074,0.3438,1.2324,1.3325,-0.3649,-0.1029,-0.0152,0.3863,-0.6375,-0.3716,11.49,14.59,72.4555,509.6521,0.1046,0.0823,0.0531,0.0197,0.1779,0.0657,0.3104,-0.2144,1.4089,0.3717,-0.2869,0.1725,-0.3775,0.9916,-0.5165,-0.2877
"219",-111.1057,0.1909,0.1599,1.4406,2.8019,1.4221,-0.1445,-0.275,0.5142,0.418,1.4137,13.77,22.29,95.7552,647.3556,0.12,0.1267,0.1385,0.0653,0.1834,0.0688,0.4981,0.0917,1.9867,1.9229,2.383,0.3426,-0.1208,1.5265,0.8918,2.382
"220",-93.5115,1.2763,1.502,2.5704,1.6774,1.0016,0.9433,1.0638,1.6728,-0.5513,0.9925,13,20.78,86.968,595.518,0.1135,0.0759,0.0314,0.0264,0.254,0.0609,1.5614,2.3142,3.4989,0.0179,2.0359,1.411,2.1087,3.056,-0.9621,2.0349
"221",-65.068,-0.1881,-0.1625,1.0196,0.405,0.2749,-0.478,-0.5679,0.2265,-1.3208,0.2686,10.18,17.53,69.004,389.995,0.1061,0.085,0.0177,0.0192,0.191,0.0691,-0.4805,-0.768,1.2485,-1.1496,0.4638,-0.607,-0.9527,0.8572,-1.9485,0.463
"222",-37.6107,2.163,1.6989,0.5576,3.9929,-0.4117,1.7658,1.3051,-0.5132,0.7604,-0.4186,18.46,18.52,125.3222,1149.565,0.0987,0.1053,0.1335,0.088,0.2132,0.0602,3.4693,2.1846,0.0728,2.3648,-0.1888,3.2801,1.9955,-0.455,1.0673,-0.1895
"223",-21.5507,1.5303,-0.1051,0.451,0.3062,0.0558,1.2732,-0.4326,-0.3102,-1.2221,0.0462,9.268,12.87,63.5995,364.8485,0.1634,0.2239,0.0973,0.0525,0.2378,0.095,2.4579,0.2562,0.567,-0.9362,0.4338,2.3424,0.1072,0.1877,-1.6603,0.4325
"224",-51.7142,0.8608,0.7151,1.3947,1.9713,0.3745,0.5969,0.3486,0.6434,0.4416,0.3705,8.95,15.76,61.4688,273.5646,0.0946,0.1243,0.0926,0.0231,0.1305,0.0716,1.4565,1.2559,1.2503,1.5853,0.9346,1.342,1.0851,0.8793,0.8635,0.9342
"225",-109.5606,-0.5433,-1.34,1.6259,1.0628,0.0853,-0.8552,-1.7745,0.7649,-0.979,0.0853,11.87,21.54,76.434,510.2404,0.0661,0.1064,0.0878,0.0239,0.1349,0.0661,-0.4832,-1.7015,1.953,-0.2344,0.7536,-0.6239,-1.9105,1.5279,-1.147,0.7536
"226",-16.9567,-0.616,1.215,0.8473,3.8361,-0.5966,-1.0055,0.8376,-0.2117,0.7311,-0.6025,18.03,16.85,119.9238,1047.5518,0.0895,0.1232,0.109,0.0625,0.172,0.0578,-1.0932,1.8289,0.2052,2.7708,-0.5052,-1.2792,1.6506,-0.3157,1.512,-0.5058
"227",-128.1773,0.7266,0.6541,-0.8082,3.4898,1.6625,0.3806,0.2004,-1.7651,0.9488,1.6541,14.78,23.94,98.6614,740.3232,0.1172,0.1479,0.1267,0.0903,0.1953,0.0665,1.2286,0.7689,-1.494,2.6769,2.3295,1.0659,0.5466,-1.97,1.5939,2.3285
"228",0.8935,2.212,0.3578,2.4999,1.9608,-0.3113,1.9001,0.0476,1.6597,-0.0066,-0.3172,11.41,10.82,75.9616,394.1702,0.0937,0.0669,0.0351,0.0262,0.1667,0.0611,3.4575,0.377,2.3786,1.2579,-0.046,3.3199,0.2439,1.9632,0.371,-0.0466
"229",-109.6548,-1.0468,0.6811,0.7149,2.4175,1.0897,-1.3863,0.2307,-0.199,0.0915,1.084,13.49,22.3,89.6979,533.5515,0.0875,0.077,0.0475,0.0338,0.1809,0.0572,-1.7798,0.7678,0.8538,1.4119,2.0837,-1.934,0.5535,0.4023,0.4002,2.0831
"230",-135.5951,0.2096,1.2196,0.9588,3.3165,0.2538,-0.1727,0.7501,-0.0774,0.3072,0.2482,17.27,25.42,107.2848,1016.9481,0.0833,0.1109,0.1204,0.0574,0.1467,0.0541,0.2047,1.3545,1.1356,2.5506,0.7349,0.0236,1.1238,0.6254,1.3212,0.7344
"231",-40.703,0.5041,-0.1,0.9457,0.8188,-0.8675,0.162,-0.4966,0.0389,-1.4698,-0.8706,13.2,17.43,84.4607,620.4155,0.0722,0.0452,0.0434,0.0111,0.1487,0.0564,0.3041,-0.4518,0.8072,-0.1628,-0.9957,0.1515,-0.6353,0.3623,-1.1611,-0.996
"232",-11.6722,-1.9308,0.1667,2.4491,2.7803,-1.235,-2.2659,-0.1812,1.5398,0.4928,-1.2403,13.28,13.72,88.4703,671.8877,0.0836,0.0858,0.0508,0.0286,0.1617,0.0559,-2.7044,-0.0141,2.5351,1.927,-1.2118,-2.8568,-0.1706,2.0863,0.9288,-1.2123
"233",-44.992,-0.5268,-0.17,2.114,3.8155,0.5897,-0.8945,-0.5641,1.1131,1.0074,0.5835,16.11,18.05,104.5971,751.4713,0.0972,0.1137,0.0945,0.0594,0.1861,0.0625,-0.9626,-0.25,2.3408,2.7877,1.1039,-1.1356,-0.4367,1.8466,1.6196,1.1033
"234",10.8251,1.7099,0.6396,0.6641,3.0411,-0.6251,1.4052,0.3439,-0.1522,1.1872,-0.6308,10.8,9.71,69.2763,373.1657,0.0959,0.0574,0.0253,0.017,0.1381,0.064,2.7965,0.8909,0.5691,3.2369,-0.7373,2.664,0.7675,0.1668,2.3919,-0.7379
"235",-18.0127,0.9296,2.0575,0.6972,1.2665,-0.6744,0.5788,1.6762,-0.233,-1.1564,-0.679,14.02,15.66,103.0924,560.8205,0.0797,0.0558,0.0209,0.0265,0.1589,0.0559,1.9142,3.2815,0.2164,0.0957,-0.0645,1.7555,3.11,-0.242,-0.9479,-0.065
"236",-74.2367,0.3631,1.5456,1e-04,1.3876,-0.9167,0.0045,1.1362,-0.9653,-1.2222,-0.9227,15.05,19.07,78.0758,626.9488,0.0922,0.086,0.0749,0.0434,0.1561,0.0592,0.3135,2.0412,-0.4123,-0.4266,-1.4604,0.1476,1.8474,-0.8889,-1.5311,-1.461
"237",-41.6297,-0.8484,-0.2271,1.7245,3.3642,0.5869,-1.192,-0.5932,0.7439,0.7424,0.5779,15.32,17.27,111.4122,724.4826,0.1335,0.2284,0.2448,0.1242,0.2398,0.076,-1.5576,-0.395,1.7195,2.7075,1.6745,-1.7227,-0.5736,1.2308,1.5977,1.6734
"238",-55.432,2.3586,1.3502,1.2515,1.0129,0.0828,2.0513,0.9484,0.4069,-0.9416,0.0754,11.43,17.31,69.4667,545.6644,0.1092,0.0949,0.0203,0.0186,0.1645,0.0656,3.1877,2.0718,1.3121,-0.3686,0.2214,3.0505,1.8886,0.8957,-1.2509,0.2205
"240",-153.3042,-0.6457,1.8295,2.4452,2.822,-0.2333,-0.9616,1.3539,1.585,0.7639,-0.2392,11.99,24.89,90.2776,482.9533,0.103,0.0922,0.0544,0.0427,0.182,0.0685,-0.8278,2.31,2.6695,2.5709,0.1242,-0.9697,2.0809,2.2426,1.6514,0.1235
"241",-101.8298,0.5177,-1.0717,1.5275,2.2086,-0.3397,0.188,-1.5092,0.6321,-0.0199,-0.3424,12.85,21.37,98.0975,534.6215,0.0755,0.0832,0.0613,0.0187,0.158,0.0611,0.7833,-1.843,1.4869,1.1195,-0.7249,0.6343,-2.0514,1.0461,0.1414,-0.7252
"242",-44.545,-0.2172,-0.7713,1.2828,1.9143,-0.9136,-0.562,-1.1619,0.3621,-0.4402,-0.9169,13.64,16.34,61.655,699.0295,0.0768,0.0606,0.0186,0.0172,0.1353,0.0595,-0.3438,-0.9677,0.9817,0.8776,-0.9474,-0.4995,-1.1442,0.5291,-0.1425,-0.9477
"243",-85.0562,0.5512,0.221,-0.1859,0.8619,0.2429,0.2374,-0.209,-1.0489,-1.1983,0.2396,11.94,20.76,78.6242,669.3015,0.086,0.1011,0.0657,0.0379,0.1588,0.0677,1.1369,0.114,-1.4604,-0.1785,-0.0851,0.9955,-0.0907,-1.8881,-1.0982,-0.0854
"244",-41.4241,0.6909,2.6422,-0.7696,5.1291,1.4931,0.2716,2.264,-1.963,1.2951,1.4832,22.27,19.67,156.5484,1620.948,0.1326,0.2768,0.4264,0.1823,0.2556,0.0704,1.178,3.6139,-1.4486,3.2389,2.5744,0.9682,3.4229,-2.034,1.7688,2.5732
"245",-100.5764,-0.0322,0.5211,2.3656,0.9053,0.8389,-0.3742,0.0742,1.4515,-1.4253,0.834,13.44,21.58,93.4442,603.4149,0.0816,0.0603,0.0311,0.0203,0.1784,0.0559,0.1534,0.3878,2.8617,-0.305,1.82,-8e-04,0.1775,2.4117,-1.3182,1.8195
"246",-59.1204,1.2192,0.4576,-0.2421,3.6942,-0.4369,0.806,0.0435,-1.3826,0.104,-0.4449,20.59,21.24,154.0531,1491.0232,0.1085,0.1644,0.2188,0.1121,0.1848,0.0622,0.6312,0.6644,-1.1836,1.3487,-0.6194,0.4295,0.4598,-1.7433,-0.0522,-0.6203
"247",-59.6313,-0.8124,-0.2181,0.161,2.7474,-1.3169,-1.0998,-0.6204,-0.6183,1.0726,-1.3248,9.876,17.27,69.9823,294.4072,0.1089,0.0723,0.0176,0.0195,0.1934,0.0628,-1.0816,-0.039,-0.1029,2.1261,-2.333,-1.2056,-0.2219,-0.4873,1.3465,-2.3339
"248",-1.6719,-1.2405,1.6619,1.1794,1.2732,0.811,-1.604,1.3169,0.2075,-1.3533,0.8064,15.19,13.21,97.2487,595.0142,0.0796,0.0693,0.0339,0.0266,0.1721,0.0554,-1.5098,2.1655,1.1026,-0.4468,1.3034,-1.6771,2.0126,0.6247,-1.5569,1.3029
"249",-76.908,1.8765,-0.7023,0.9191,1.7797,-0.6485,1.5731,-1.1113,0.0972,-0.1053,-0.6545,10.94,18.59,72.2945,524.9333,0.1004,0.0746,0.0494,0.0293,0.1486,0.0662,2.4965,-1.3811,0.1527,1.026,-0.6834,2.3631,-1.5723,-0.2541,0.1693,-0.6841
"250",-81.3121,0.7724,-0.3157,0.4646,3.452,-1.6176,0.3444,-0.7626,-0.6773,-0.253,-1.6254,21.16,23.04,134.369,1241.7458,0.0943,0.1022,0.1097,0.0863,0.1769,0.0528,0.8486,-0.6707,-0.4655,1.5066,-2.1546,0.6422,-0.8882,-1.0246,0.0733,-2.1554
"251",-111.1621,0.6596,2.1395,-0.0936,2.7733,1.7006,0.3153,1.7098,-1.0376,0.3008,1.694,14.25,21.72,80.0435,564.4779,0.0982,0.1098,0.1319,0.056,0.1885,0.0612,1.0992,3.1707,-0.8719,2.4277,1.9903,0.9398,2.9614,-1.3396,1.3672,1.9896
"252",-148.3547,0.4609,1.2447,-0.9593,3.0403,0.933,0.1583,0.7716,-1.8119,1.0705,0.9251,11.69,24.44,86.4611,297.0171,0.1236,0.1552,0.0452,0.0453,0.2131,0.074,0.477,1.8444,-1.7019,2.5915,1.8645,0.3388,1.6177,-2.1254,1.7026,1.8636
"253",-85.5542,-1.33,-0.5242,3.137,2.5133,-0.0113,-1.7371,-0.9466,2.0305,-0.8965,-0.0187,19.68,21.68,128.6028,1352.3682,0.098,0.1339,0.1863,0.1103,0.2082,0.0572,-1.7081,-0.9976,3.3322,0.1666,0.5428,-1.9047,-1.2055,2.7875,-1.1828,0.542
"254",-64.7346,-0.2674,0.9062,0.1885,3.7432,-1.0988,-0.6199,0.5031,-0.7818,1.1591,-1.1018,14.95,18.77,88.7536,503.5664,0.0814,0.1167,0.0905,0.0356,0.1744,0.0649,-0.738,1.1397,-0.2991,2.7214,-1.0062,-0.9025,0.9482,-0.7772,1.6249,-1.0065
"255",-12.0885,-1.6074,1.0807,1.001,3.5523,1.0174,-1.9737,0.7229,-0.0386,0.5864,1.0102,17.14,16.4,120.3079,783.0253,0.1186,0.2276,0.2229,0.1401,0.304,0.0741,-2.3314,0.9252,0.7094,2.7274,1.6743,-2.5094,0.7522,0.1931,1.509,1.6734
"256",-104.3835,0.5577,1.6223,-0.7001,4.3276,-0.7257,0.1071,1.181,-1.9667,0.0368,-0.7323,25.22,24.91,161.2884,1849.2453,0.1063,0.2665,0.3339,0.1845,0.1829,0.0678,0.2532,2.251,-1.5072,2.2458,-0.6075,0.0263,2.0271,-2.1237,0.6526,-0.6082
"257",-34.0665,0.5201,-0.4211,1.3291,3.9442,-0.622,0.1751,-0.7883,0.3658,1.3782,-0.6301,14.87,16.67,107.3344,661.2111,0.1162,0.1649,0.169,0.0892,0.2157,0.0677,0.4649,-1.5543,1.3887,3.21,-1.2977,0.3019,-1.7302,0.9097,2.1185,-1.2987
"258",-69.1152,1.3466,-1.2026,1.6103,3.3602,0.2347,0.9969,-1.624,0.6827,0.9445,0.23,13.9,19.24,90.8236,573.6567,0.0799,0.0533,0.03,0.0207,0.1579,0.0559,2.0616,-2.0345,1.6077,2.6538,0.2555,1.9037,-2.2303,1.1513,1.6126,0.2551
"259",-15.5509,0.6173,0.2847,-0.4399,1.5822,0.3176,0.2549,-0.0802,-1.3969,-0.9861,0.3116,14.81,14.7,109.8409,729.0593,0.0847,0.0502,0.0342,0.0254,0.1659,0.0535,1.0949,0.5485,-0.9202,-0.0715,0.6105,0.9301,0.3842,-1.391,-1.1628,0.6099
"260",-179.4529,0.4239,1.6023,1.2281,3.7064,-0.0165,0.0038,1.1144,0.0977,0.1127,-0.0231,20.51,27.81,122.4928,1343.687,0.0916,0.1074,0.1554,0.0834,0.1448,0.0559,0.6662,1.7915,1.3303,1.7919,-0.0531,0.4639,1.5487,0.7764,0.3906,-0.0538
"261",-53.9487,0.0808,1.5835,1.2194,1.5962,-0.283,-0.2181,1.1892,0.4187,-0.1628,-0.2888,10.32,16.35,65.728,140.2976,0.0943,0.0499,0.0101,0.0055,0.1885,0.062,-0.235,2.1815,1.1506,0.8873,0.1333,-0.3634,2.0048,0.7585,0.076,0.1327
"262",-50.4045,-0.9044,1.2584,2.1737,4.4555,0.1069,-1.264,0.864,1.1561,1.6457,0.1005,16.25,19.51,116.3984,900.5697,0.1026,0.1893,0.2236,0.0919,0.2151,0.0658,-1.3348,1.9986,2.1972,3.8038,0.5268,-1.5073,1.8048,1.6933,2.6348,0.5261
"263",-96.6564,0.5257,2.6083,-0.2,1.8556,0.2023,0.1705,2.1642,-1.1679,-0.7341,0.1974,14.99,22.11,108.0486,469.5822,0.0852,0.1025,0.0686,0.0388,0.1944,0.0591,0.7376,3.4566,-0.6397,0.4173,0.1919,0.5725,3.2438,-1.117,-0.6815,0.1914
"264",-21.5009,-0.0913,1.4465,1.444,1.1869,-1.7027,-0.4242,1.0968,0.5669,-0.9577,-1.7053,12.46,12.83,69.9852,219.1709,0.0737,0.0404,0.0072,0.0115,0.1613,0.0601,0.1994,1.8723,1.5365,-0.1493,-1.7905,0.0527,1.7219,1.1056,-1.0986,-1.7908
"265",-94.5499,1.9296,-0.4398,1.2227,2.8271,-0.8155,1.5978,-0.8635,0.3058,0.5038,-0.8221,13.48,20.82,76.7313,438.8497,0.1016,0.1255,0.1063,0.0544,0.172,0.0642,2.4805,-1.0068,0.6893,2.1127,-1.1858,2.3273,-1.211,0.2344,1.1021,-1.1865
"266",-6.3995,0.3676,0.2545,0.2996,1.9955,-0.1381,0.0215,-0.0994,-0.625,-0.3785,-0.1441,13.77,13.27,86.4586,610.9449,0.092,0.0622,0.0106,0.0192,0.1592,0.0591,1.0003,0.5957,0.1761,0.7824,0.2434,0.8436,0.4419,-0.2786,-0.2449,0.2428
"267",-60.0217,0.7803,-0.5659,-0.3105,2.9314,0.2183,0.4249,-0.9786,-1.2736,0.3531,0.2125,14.96,19.1,98.1809,528.7987,0.0899,0.0982,0.0594,0.0482,0.1879,0.0585,1.4871,-0.9914,-0.9589,2.0236,0.4882,1.3222,-1.1856,-1.4348,0.9286,0.4876
"268",-152.5158,-0.0903,0.6047,-0.5114,3.2402,-1.9487,-0.4989,0.1272,-1.6321,-0.2293,-1.9557,20.2,26.83,133.6524,1310.4457,0.099,0.1669,0.1641,0.1265,0.1875,0.0602,0.3548,0.3018,-1.9186,1.4597,-2.5169,0.1556,0.0643,-2.4703,0.0933,-2.5177
"269",-66.0061,0.8519,-1.4032,1.6162,3.1103,0.6115,0.4594,-1.8173,0.5479,-0.09,0.6032,18.31,20.58,131.9382,1035.9203,0.1068,0.1248,0.1569,0.0945,0.186,0.0594,1.015,-2.0516,1.7144,0.9884,1.2935,0.8272,-2.2534,1.1873,-0.2992,1.2926
"270",-150.1562,-0.3289,0.5967,1.8983,2.9291,-1.6231,-0.633,0.1541,1.0112,0.7926,-1.6288,12.46,24.04,72.3446,470.0565,0.1186,0.2396,0.2273,0.0854,0.203,0.0824,-0.5374,0.7626,2.2747,2.5139,-1.7282,-0.6804,0.5417,1.8317,1.5665,-1.7289
"271",-31.4434,0.8988,-0.306,-0.1734,1.5633,1.4714,0.5936,-0.678,-0.9908,-0.2842,1.4674,10.75,14.97,76.499,281.4652,0.0779,0.0514,0.0225,0.0079,0.1399,0.0569,1.533,-0.7567,-0.2323,0.2362,1.8223,1.4009,-0.9232,-0.6332,-0.6065,1.8219
"272",-74.8283,-0.309,-1.0464,-0.9542,2.8531,-0.8611,-0.6544,-1.4617,-1.9018,0.3621,-0.8671,14.45,20.22,105.3607,501.3888,0.0987,0.1206,0.118,0.0598,0.195,0.0647,-0.603,-0.9353,-1.6109,2.3914,-0.9306,-0.7638,-1.1356,-2.0807,1.3247,-0.9313
"273",-83.6554,-1.1834,-1.0681,1.1547,3.8856,0.3649,-1.5123,-1.5057,0.2892,1.7855,0.3604,12.18,20.52,84.455,437.3688,0.0801,0.0404,0.0238,0.0177,0.1739,0.0568,-1.9038,-2.1953,1.0931,3.9873,0.3235,-2.0483,-2.3993,0.6668,3.0532,0.3231
"274",15.2116,-0.3173,1.0756,3.0248,1.9229,0.2817,-0.7314,0.7414,1.8948,-1.6359,0.2743,20.29,14.34,150.6002,1322.2732,0.1003,0.1328,0.198,0.1043,0.1809,0.0588,-0.8456,1.5915,3.6695,-0.4156,0.5178,-1.046,1.4331,3.1147,-1.8075,0.517
"275",-73.3325,1.2394,3.8647,0.116,2.6401,0.6804,0.9007,3.4574,-0.8383,0.1301,0.6777,14.41,19.73,102.382,529.0519,0.0876,0.1676,0.1362,0.066,0.1714,0.0719,1.8384,5.734,-0.9268,2.1216,1.4556,1.6789,5.5372,-1.4001,1.0491,1.4553
"276",-81.3519,2.5752,-0.209,1.3478,1.7922,0.2283,2.2771,-0.6253,0.5435,0.0023,0.2213,10.49,18.61,63.6127,406.9419,0.1068,0.0668,0.023,0.0178,0.1482,0.066,3.8437,-0.5767,1.5702,1.4982,0.4856,3.7141,-0.7685,1.1736,0.6765,0.4849
"277",-85.8179,0.092,0.4462,0.9838,2.0961,-0.153,-0.2236,0.0271,0.1071,0.0136,-0.1599,12.22,20.04,78.3696,370.0357,0.1096,0.1152,0.0818,0.0217,0.2124,0.0689,0.1147,0.3947,1.0994,0.5217,0.0105,-0.0286,0.1949,0.6671,-0.4071,0.0097
"278",-5.7964,0.0686,-0.6208,-0.2581,1.5202,-1.1109,-0.2467,-0.9366,-1.1073,-0.4596,-1.1155,11.54,10.72,56.0215,481.3979,0.086,0.0597,0.0137,0.0089,0.1833,0.061,0.3201,-0.7957,-0.6408,0.4937,-1.6828,0.1814,-0.9284,-1.0576,-0.3981,-1.6832
"279",-66.5483,-0.0989,1.6693,-0.2132,3.7034,0.76,-0.4237,1.2639,-1.0824,1.5888,0.7542,12.27,17.92,59.0283,581.4082,0.0868,0.0653,0.0321,0.0265,0.1966,0.056,-0.1635,2.4622,-0.562,3.9593,1.1092,-0.3083,2.2752,-0.9914,3.0197,1.1086
"280",-94.1349,0.2981,0.2135,0.092,1.6605,0.7958,0.01,-0.2104,-0.7189,-0.1237,0.7902,10.51,20.19,67.6078,377.3033,0.1122,0.1303,0.0648,0.0307,0.1922,0.0778,0.5193,-0.2865,-0.162,0.5292,1.0926,0.3908,-0.4876,-0.5636,-0.2915,1.0919
"282",15.7529,-0.7836,1.0918,0.7375,2.0793,-0.7654,-1.1191,0.7872,-0.1745,-0.2364,-0.7756,13.53,10.94,106.3525,453.3792,0.1291,0.1047,0.0688,0.0656,0.2403,0.0664,-0.6015,1.0096,0.6929,1.0405,-0.9406,-0.7555,0.8761,0.2395,0.0312,-0.9418
"283",-121.4283,-1.0008,1.3992,0.8338,1.4347,-0.8018,-1.3606,0.9556,-0.1399,-1.2224,-0.8074,15.37,22.76,95.2559,665.9954,0.092,0.1036,0.1122,0.0748,0.1717,0.061,-1.7731,1.0669,0.1493,-0.1705,-0.9897,-1.941,0.8512,-0.3335,-1.2905,-0.9903
"284",-202.3513,0.823,0.1962,1.794,3.0727,-0.8075,0.4475,-0.3032,0.7763,0.1833,-0.8128,16.6,28.08,88.8312,920.3231,0.0846,0.1023,0.0925,0.053,0.159,0.0565,1.674,-0.2454,2.1715,1.7593,-0.7379,1.4974,-0.4908,1.67,0.5664,-0.7385
"285",-78.5086,0.4749,0.168,-0.2829,1.6934,0.3201,0.0895,-0.2558,-1.3071,-1.2688,0.3133,17.01,20.26,99.4719,951.6832,0.0877,0.073,0.0695,0.0539,0.2026,0.0522,1.1673,0.4162,-0.8077,0.2076,0.9592,0.9872,0.2148,-1.3122,-1.0084,0.9586
"286",-39.7755,0.2203,1.1067,2.2457,2.6625,-0.1848,-0.0621,0.7333,1.5009,1.1354,-0.1852,9,14.4,53.117,203.1626,0.07,0.0312,0.0037,0.0035,0.1788,0.0683,0.4426,1.545,2.995,2.3666,0.0522,0.3259,1.3824,2.6315,1.6444,0.0522
"287",-37.6715,0.9894,0.775,1.3336,4.3158,-1.089,0.6556,0.3712,0.4517,2.1561,-1.0944,12.49,16.85,91.2588,478.8197,0.0851,0.0383,0.0045,0.0064,0.1215,0.0567,1.5949,1.1834,1.3616,4.0101,-1.3665,1.4478,1.0031,0.9297,3.0566,-1.3671
"288",10.208,0.942,0.7837,1.8807,1.9173,0.6387,0.5943,0.4834,0.9337,-0.5708,0.6308,14.5,10.89,79.3263,724.6013,0.1101,0.1099,0.0884,0.0578,0.1856,0.064,1.0971,1.3323,1.9763,0.2922,0.7478,0.9358,1.1996,1.5071,-0.7734,0.7469
"289",-62.8648,-0.6011,2.2534,0.9901,2.5583,0.3361,-0.919,1.8346,0.133,0.5286,0.3309,11.84,18.94,79.9323,511.4707,0.0887,0.069,0.0267,0.0139,0.1533,0.0606,-1.0996,3.3171,1.2568,1.5251,0.6626,-1.2408,3.1232,0.8351,0.6163,0.6621
"290",-34.9712,0.3818,0.9559,1.7055,2.9071,-0.7003,0.0726,0.5945,0.8633,0.9363,-0.7054,11.41,14.92,76.9927,610.6684,0.0906,0.0816,0.0618,0.0236,0.1167,0.0622,-0.233,1.349,2.2227,2.2782,-1.0808,-0.3703,1.1836,1.8067,1.3914,-1.0813
"291",-83.4273,0.4667,-0.2215,1.52,1.8923,-0.9202,0.1802,-0.6143,0.6891,0.0376,-0.9269,11.08,18.83,71.3271,377.5325,0.1216,0.2154,0.1689,0.0637,0.2196,0.0795,0.5715,-0.4184,1.9105,0.7126,-0.6495,0.4396,-0.6089,1.496,-0.1347,-0.6503
"292",-44.0292,-1.1048,0.1271,0.939,1.005,0.2857,-1.426,-0.2526,0.0558,-1.1333,0.2774,12.54,16.32,86.5567,515.5356,0.1158,0.1085,0.0593,0.0328,0.1943,0.0661,-1.625,0.3652,1.0349,-0.3363,0.9083,-1.7711,0.1897,0.598,-1.2842,0.9073
"293",-27.7384,0.4357,1.1466,1.7304,2.5231,-0.2393,0.1187,0.7898,0.8636,0.4444,-0.2469,12.05,14.63,82.6249,345.4718,0.1031,0.0909,0.0659,0.0275,0.1675,0.0604,0.6251,2.3187,2.0805,1.9554,0.1484,0.4827,2.1555,1.6522,1.029,0.1475
"294",-106.0089,1.9131,0.5276,0.3229,4.6907,0.2786,1.5078,0.0869,-0.802,1.2069,0.273,20.09,23.86,134.9172,1222.1798,0.108,0.1838,0.2283,0.128,0.2249,0.0747,2.6335,0.2689,-0.1778,3.6287,0.5319,2.4353,0.049,-0.7314,2.2576,0.5312
"295",-33.6438,1.216,0.3384,0.6458,1.4613,1.0132,0.9427,-0.0094,-0.1089,-0.1056,1.0118,9.173,13.86,55.9259,210.6696,0.0772,0.0875,0.0599,0.0218,0.2341,0.0696,1.8023,0.7008,0.3806,0.9367,1.4108,1.6851,0.5434,0.0081,0.1977,1.4106
"296",-87.3928,-0.6135,-0.5387,1.6259,3.783,0.2791,-1.0093,-0.9728,0.5664,0.6251,0.2751,18.08,21.84,118.6681,1103.3253,0.0737,0.0864,0.1103,0.0578,0.177,0.0534,-0.6953,-0.9202,1.2399,2.2591,0.4906,-0.8824,-1.1306,0.7192,0.9843,0.4902
"297",-23.3936,0.8495,-1.14,-0.4876,3.1739,1.9093,0.5433,-1.494,-1.3355,1.2093,1.9037,11.54,14.44,88.618,508.9368,0.0998,0.112,0.0674,0.0259,0.1818,0.0678,1.594,-2.0315,-1.0453,3.028,3.1467,1.4562,-2.1932,-1.4643,2.1417,3.146
"298",-97.8744,-0.6379,-0.3929,1.4417,2.865,-1.1252,-1.0078,-0.8162,0.4231,-0.098,-1.1336,16.65,21.38,94.4721,980.8062,0.1121,0.1457,0.1525,0.0917,0.1995,0.0633,-0.9247,-0.8915,1.5312,1.2215,-1.816,-1.1009,-1.0983,1.0268,0.0054,-1.817
"299",-117.1258,-0.1232,-0.1318,1.7211,4.3013,0.0716,-0.4889,-0.5718,0.7067,1.449,0.0653,16.35,23.29,98.1186,949.1531,0.0974,0.1497,0.1811,0.0877,0.2175,0.0622,-0.4073,-0.7193,1.9633,3.5743,-0.0074,-0.5813,-0.9368,1.4609,2.392,-0.0081
"300",-111.0066,-0.2229,0.3369,1.7966,1.2601,1.2925,-0.5395,-0.0871,0.8917,-0.9713,1.284,13,21.82,88.6021,397.9332,0.1273,0.1932,0.1859,0.0935,0.235,0.0739,-0.8054,0.5341,2.4028,-0.5455,2.3198,-0.9535,0.3253,1.9509,-1.5261,2.3187
